subject_id,unit_id,unit_label,exam_format,question,choices,answer_index,explanation,keywords,source,review_status
"earth_base","earth_base_01","地球のすがた","csat","エラトステネスが地球の周囲の長さを求めた際、利用した仮定として最も適当なものはどれか。","[""地球は完全な球体であり、太陽の光は平行に降り注ぐ"",""地球は完全な球体であり、太陽は地球を中心に公転している"",""地球は赤道方向に膨らんだ楕円体であり、太陽の光は平行に降り注ぐ"",""地球は極方向に膨らんだ楕円体であり、太陽の光は放射状に降り注ぐ""]","0","エラトステネスは、地球を完全な球体と仮定し、太陽から地球に届く光は平行な光線であると考えて、2地点間の距離と南中高度の差から地球の周囲の長さを計算した。","[""エラトステネス"",""地球の大きさ"",""完全な球体""]","seed","kept"
"earth_base","earth_base_01","地球のすがた","csat","地球の形は完全な球ではなく、自転による遠心力のため赤道方向に膨らんだ回転楕円体に近い。赤道半径を a、極半径を b としたとき、地球の偏平率を表す式として正しいものはどれか。","[""(a - b) / a"",""(a - b) / b"",""(b - a) / a"",""(b - a) / b""]","0","偏平率は、赤道半径 a と極半径 b の差を赤道半径 a で割った値 (a - b) / a で表される。地球の偏平率はおよそ 1/298 である。","[""地球楕円体"",""偏平率"",""赤道半径""]","seed","kept"
"earth_base","earth_base_01","地球のすがた","csat","地球の内部構造のうち、マントルを構成する主な岩石として最も適当なものはどれか。","[""かんらん岩"",""玄武岩"",""花崗岩"",""流紋岩""]","0","地球の体積の 約83% を占めるマントルは、主にかんらん岩などの密度が大きい岩石で構成されている。玄武岩は海洋地殻、花崗岩は大陸地殻上部の主な構成岩石である。","[""地球の内部構造"",""マントル"",""かんらん岩""]","seed","kept"
"earth_base","earth_base_01","地球のすがた","csat","地球の地表の高度と海面の深度の面積割合を示す高度・深度曲線には、2つの大きなピークがみられる。これらのピークが示す地形の組み合わせとして最も適当なものはどれか。","[""大陸の平野と深海底"",""高い山脈と大陸棚"",""高い山脈と深海底"",""大陸の平野と海溝""]","0","地球の高度・深度曲線には、標高 0m から 1000m 付近の大陸の平野と、水深 4000m から 5000m 付近の深海底の2つの大きなピークがある。これは密度の異なる大陸地殻と海洋地殻が存在するためである。","[""高度・深度曲線"",""大陸地殻"",""海洋地殻""]","seed","kept"
"earth_base","earth_base_01","地球のすがた","csat","大陸地殻と海洋地殻の特徴の比較として、最も適当なものはどれか。","[""大陸地殻のほうが海洋地殻より厚く、密度が大きい。"",""大陸地殻のほうが海洋地殻より厚く、密度が小さい。"",""大陸地殻のほうが海洋地殻より薄く、密度が大きい。"",""大陸地殻のほうが海洋地殻より薄く、密度が小さい。""]","1","大陸地殻は厚さ平均 約30km から 50km で主に花崗岩質の岩石からなり、密度は 約2.7g/cm³ である。一方、海洋地殻は厚さ平均 約5km から 7km で主に玄武岩質の岩石からなり、密度は 約3.0g/cm³ である。したがって、大陸地殻のほうが厚く、密度は小さい。","[""大陸地殻"",""海洋地殻"",""密度""]","seed","kept"
"earth_base","earth_base_01","地球のすがた","csat","地球の核に関する説明として、最も適当なものはどれか。","[""主に鉄やニッケルなどの金属からなり、外核は液体、内核は固体である。"",""主に鉄やニッケルなどの金属からなり、外核は固体、内核は液体である。"",""主にケイ酸塩鉱物からなり、外核は液体、内核は固体である。"",""主にケイ酸塩鉱物からなり、外核は固体、内核は液体である。""]","0","地球の中心部にある核は、主に鉄やニッケルなどの金属元素から構成されている。地震波の観測により、S波が伝わらない外核は液体、内核は固体であると考えられている。","[""核"",""外核"",""内核"",""地震波""]","seed","kept"
"earth_base","earth_base_01","地球のすがた","csat","地球内部の地殻とマントルの境界を示す不連続面の名称として正しいものはどれか。","[""モホロビチッチ不連続面"",""グーテンベルク不連続面"",""レーマン不連続面"",""コンラッド不連続面""]","0","地殻とマントルの境界はモホロビチッチ不連続面（モホ面）と呼ばれる。マントルと外核の境界はグーテンベルク不連続面、外核と内核の境界はレーマン不連続面である。","[""モホロビチッチ不連続面"",""地殻"",""マントル""]","seed","kept"
"earth_base","earth_base_01","地球のすがた","csat","震央から角距離でおよそ 103度 から 143度 の間には、P波もS波も直接到達しない領域がある。この領域の名称として最も適当なものはどれか。","[""シャドーゾーン"",""アセノスフェア"",""沈み込み帯"",""トランスフォーム断層""]","0","地震波が直接到達しない領域をシャドーゾーン（影の帯）という。これは、深さ 約2900km にあるマントルと外核の境界で地震波が大きく屈折するため生じる。","[""シャドーゾーン"",""地震波"",""グーテンベルク不連続面""]","seed","kept"
"earth_base","earth_base_01","地球のすがた","csat","プレートテクトニクスにおける「プレート」を説明した文として、最も適当なものはどれか。","[""地殻と上部マントルの一部を含む、厚さ 約100km の硬い岩石の層である。"",""地殻のみからなる、厚さ 約30km の硬い岩石の層である。"",""マントル全体を含む、ゆっくりと対流している岩石の層である。"",""上部マントルの一部で、部分溶融しており流動性に富む層である。""]","0","プレート（リソスフェアまたは岩石圏）は、地殻と上部マントルの最上部を合わせた厚さ 約100km の硬い岩石の層である。その下には流動性に富むアセノスフェアが存在する。","[""プレート"",""リソスフェア"",""アセノスフェア""]","seed","kept"
"earth_base","earth_base_01","地球のすがた","csat","マントル内部の大規模な対流運動において、核とマントルの境界付近から上昇する高温の円柱状の流れを何というか。","[""ホットプルーム"",""コールドプルーム"",""マグマだまり"",""中央海嶺""]","0","核とマントルの境界付近から上昇する高温の物質の流れをホットプルームと呼ぶ。一方、沈み込んだプレートがマントル下部へ落下していく低温の流れをコールドプルームと呼ぶ。これによる地球内部の変動をプルームテクトニクスという。","[""ホットプルーム"",""プルームテクトニクス"",""マントル対流""]","seed","kept"
"earth_base","earth_base_01","地球のすがた","csat","プレートが互いに遠ざかり、新しい海洋地殻が生成されている境界の地形として、最も適当なものはどれか。","[""海嶺"",""海溝"",""島弧"",""大山脈""]","0","プレートが互いに遠ざかる発散境界では、地下からマグマが上昇して新しいプレート（海洋地殻）が生成される。この海底の大山脈を海嶺と呼ぶ。","[""発散境界"",""海嶺"",""プレートテクトニクス""]","seed","kept"
"earth_base","earth_base_01","地球のすがた","csat","海洋プレートが大陸プレートの下に沈み込んでいる境界にみられる、海底の細長い凹地の地形として、最も適当なものはどれか。","[""海溝"",""海嶺"",""トランスフォーム断層"",""地溝""]","0","海洋プレートが沈み込む場所には、水深が深く細長い凹地である海溝が形成される。日本海溝やマリアナ海溝などがその例であり、プレートの収束境界にあたる。","[""収束境界"",""海溝"",""沈み込み帯""]","seed","kept"
"earth_base","earth_base_01","地球のすがた","csat","プレート同士が互いにすれ違うように水平に動いている境界に発達する断層として、最も適当なものはどれか。","[""トランスフォーム断層"",""逆断層"",""正断層"",""スラスト断層""]","0","プレート同士がすれ違う境界では、トランスフォーム断層と呼ばれる巨大な横ずれ断層が形成される。北アメリカ大陸西海岸のサンアンドレアス断層がその代表的な例である。","[""すれ違う境界"",""トランスフォーム断層"",""横ずれ断層""]","seed","kept"
"earth_base","earth_base_01","地球のすがた","csat","地殻がマントルの上に浮かんでおり、全体として重力の釣り合いが保たれているとする考え方を何というか。","[""アイソスタシー"",""プレートテクトニクス"",""プルームテクトニクス"",""大陸移動説""]","0","密度の小さい地殻が、密度の大きいマントル（アセノスフェア）の上に浮いて力学的な均衡を保っているという考え方をアイソスタシー（地殻均衡）という。","[""アイソスタシー"",""地殻均衡"",""重力""]","seed","kept"
"earth_base","earth_base_01","地球のすがた","csat","マグマの性質と火山の形に関する説明として、正しいものはどれか。","[""二酸化ケイ素の割合が多いマグマは粘性が小さく、傾斜のゆるやかな火山になりやすい。"",""二酸化ケイ素の割合が多いマグマは粘性が大きく、ドーム状の火山になりやすい。"",""二酸化ケイ素の割合が少ないマグマは粘性が大きく、傾斜のゆるやかな火山になりやすい。"",""二酸化ケイ素の割合が少ないマグマは粘性が小さく、ドーム状の火山になりやすい。""]","1","マグマに含まれる二酸化ケイ素 SiO₂ の割合が多いほど粘性は大きくなり、溶岩ドームのようなこんもりとした形の火山を形成しやすい。逆に SiO₂ が少ない玄武岩質マグマは粘性が小さく、楯状火山を形成しやすい。","[""マグマ"",""二酸化ケイ素"",""粘性"",""火山の形""]","seed","kept"
"earth_base","earth_base_01","地球のすがた","csat","火山の噴火によって放出される物質のうち、多量のガスが抜け出て多数の孔があいた黒っぽい火山砕屑物を何というか。","[""スコリア"",""軽石"",""火山灰"",""火山弾""]","0","多量のガスが抜けて孔があいた火山砕屑物のうち、玄武岩質や安山岩質で黒っぽいものをスコリアという。一方、流紋岩質などで白っぽいものを軽石と呼ぶ。","[""火山砕屑物"",""スコリア"",""軽石""]","seed","kept"
"earth_base","earth_base_01","地球のすがた","csat","マグマが地下深くでゆっくりと冷え固まってできた岩石の組織を何というか。","[""等粒状組織"",""斑状組織"",""流理構造"",""柱状節理""]","0","マグマが地下深くでゆっくりと冷却されると、構成する鉱物が十分に成長してほぼ同じ大きさの結晶となる。このような深成岩特有の組織を等粒状組織という。地表付近で急激に冷え固まった火山岩は斑状組織を示す。","[""深成岩"",""等粒状組織"",""火成岩""]","seed","kept"
"earth_base","earth_base_01","地球のすがた","csat","地震の規模を表すマグニチュード M の値が 1 大きくなると、地震のエネルギーはおよそ何倍になるか。","["" 約32倍"","" 約10倍"","" 約100倍"","" 約1000倍""]","0","マグニチュード M が 1 大きくなると、地震のエネルギーは 約31.6倍（およそ 32倍）になる。また、M が 2 大きくなると 約1000倍 になる。","[""地震"",""マグニチュード"",""エネルギー""]","seed","kept"
"earth_base","earth_base_01","地球のすがた","csat","地震計の記録において、P波の到達からS波が到達するまでの時間を初期微動継続時間という。この時間と震源からの距離の関係を利用して震源距離を求める公式を何というか。","[""大森公式"",""フックの法則"",""スネルの法則"",""ボイルの法則""]","0","初期微動継続時間は、震源からの距離に比例する。この関係を表した式を大森公式といい、d = k × t（d は震源距離、t は初期微動継続時間、k は定数）で表される。","[""初期微動継続時間"",""大森公式"",""震源距離""]","seed","kept"
"earth_base","earth_base_01","地球のすがた","csat","日本列島のような海溝沿いの地域において、地震の震源は海溝側から大陸側へ向かって深くなるように帯状に分布している。この深発地震が分布する面を何というか。","[""和達・ベニオフ面"",""モホロビチッチ不連続面"",""グーテンベルク不連続面"",""レーマン不連続面""]","0","沈み込む海洋プレートの上面付近では岩石の破壊が起こりやすく、多くの地震が発生する。この地震の震源が傾斜して分布する面を和達・ベニオフ面（深発地震面）と呼ぶ。","[""深発地震"",""和達・ベニオフ面"",""沈み込み帯""]","seed","kept"
"earth_base","earth_base_01","地球のすがた","csat","日本の気象庁が定めている現在の震度階級は、全部で何段階に分けられているか。","[""10段階"",""7段階"",""8段階"",""12段階""]","0","気象庁震度階級は、震度 0、1、2、3、4、5弱、5強、6弱、6強、7 の計 10段階 で表される。地震による各地点の揺れの強さを示す指標である。","[""震度階級"",""地震の揺れ"",""気象庁""]","seed","kept"
"earth_base","earth_base_01","地球のすがた","csat","地球内部でマグマが発生する主な場所として、適当でないものはどれか。","[""大陸の平野の地下浅部"",""海嶺の下"",""沈み込み帯（島弧）の下"",""ホットスポットの下""]","0","マグマはマントルの一部が融解して生じる。主に、プレートが遠ざかる海嶺の下、海洋プレートが沈み込む島弧や陸弧の下、およびマントル深部から高温物質が上昇するホットスポットの下で発生する。安定した大陸の平野の地下浅部では通常マグマは発生しない。","[""マグマの発生"",""海嶺"",""沈み込み帯"",""ホットスポット""]","seed","kept"
"earth_base","earth_base_01","地球のすがた","csat","火成岩を構成する造岩鉱物のうち、鉄やマグネシウムを多く含み、色が黒っぽく見える鉱物の総称を何というか。","[""有色鉱物"",""無色鉱物"",""ケイ酸塩鉱物"",""炭酸塩鉱物""]","0","鉄やマグネシウムを含むため色が濃い造岩鉱物を有色鉱物という。かんらん石、輝石、角閃石、黒雲母などが該当する。一方、鉄やマグネシウムをほとんど含まず白っぽいものを無色鉱物という。","[""造岩鉱物"",""有色鉱物"",""火成岩""]","seed","kept"
"earth_base","earth_base_01","地球のすがた","csat","日本列島付近の地下に存在し、互いに影響を及ぼし合っている4つのプレートの組み合わせとして正しいものはどれか。","[""ユーラシアプレート、北アメリカプレート、太平洋プレート、フィリピン海プレート"",""ユーラシアプレート、太平洋プレート、フィリピン海プレート、インド・オーストラリアプレート"",""北アメリカプレート、太平洋プレート、フィリピン海プレート、ココスプレート"",""ユーラシアプレート、南アメリカプレート、太平洋プレート、フィリピン海プレート""]","0","日本列島付近には、大陸プレートであるユーラシアプレートと北アメリカプレート、海洋プレートである太平洋プレートとフィリピン海プレートの計4つのプレートがひしめき合っており、世界有数の地震・火山活動の活発な地域となっている。","[""日本列島"",""プレート"",""地震"",""火山""]","seed","kept"
"earth_base","earth_base_01","地球のすがた","csat","過去の地球の磁場の向きが現在と逆であったことが、ある岩石の残留磁化の調査から発見された。この岩石として最も適当なものはどれか。","[""海嶺周辺の玄武岩"",""大陸地殻の花崗岩"",""石灰岩などの堆積岩"",""マントルのかんらん岩""]","0","中央海嶺で湧き出したマグマが冷え固まって玄武岩質の海洋地殻ができる際、岩石中の磁性鉱物はその当時の地磁気の向きに磁化される。海嶺の両側に縞模様状の磁化の記録が残ることから、地磁気の逆転と海洋底拡大説が実証された。","[""地磁気の逆転"",""残留磁化"",""海洋底拡大説"",""海嶺""]","seed","kept"
"earth_base","earth_base_01","地球のすがた","csat","古代ギリシャのエラトステネスは、シエネとアレクサンドリアの2地点の夏至の日の太陽の南中高度の違いから地球の周囲の長さを求めた。両地点の緯度差を 7.2度、距離を 800km としたとき、地球の周囲の長さとして最も適当なものを、次のうちから一つ選べ。","[""40000km"",""45000km"",""50000km"",""55000km""]","0","地球を完全な球体と仮定すると、緯度差 7.2度 は 360度 の 1/50 にあたる。したがって、地球の周囲の長さは 800 × 50 = 40000 と計算でき、40000km と求まる。","[""エラトステネス"",""地球の大きさ"",""南中高度"",""緯度差""]","seed","kept"
"earth_base","earth_base_01","地球のすがた","csat","地球は完全な球体ではなく、自転の遠心力により赤道方向にややふくらんだ回転楕円体（地球楕円体）に近い形をしている。赤道半径を a、極半径を b としたとき、偏平率を表す式として正しいものを、次のうちから一つ選べ。","[""(a - b) / a"",""(a - b) / b"",""(b - a) / a"",""(b - a) / b""]","0","偏平率は、赤道半径 a と極半径 b の差を赤道半径 a で割った値であり、 (a - b) / a で表される。地球の偏平率は 約1/298 である。","[""地球楕円体"",""偏平率"",""赤道半径"",""極半径""]","seed","kept"
"earth_base","earth_base_01","地球のすがた","csat","17世紀後半、フランスのカッシーニ親子とイギリスのニュートンは、地球の形について異なる主張をした。フランスの調査隊が行った子午線弧長1度あたりの長さの測量結果から結論づけられた、地球の形に関する記述として最も適当なものを、次のうちから一つ選べ。","[""高緯度ほど子午線弧長1度あたりの長さが長く、赤道方向にふくらんだ楕円体である。"",""高緯度ほど子午線弧長1度あたりの長さが短く、赤道方向にふくらんだ楕円体である。"",""高緯度ほど子午線弧長1度あたりの長さが長く、極方向にふくらんだ楕円体である。"",""高緯度ほど子午線弧長1度あたりの長さが短く、極方向にふくらんだ楕円体である。""]","0","フランスの調査隊は、高緯度ほど子午線弧長1度あたりの長さが長いことを確認した。これは地球が赤道方向にふくらんだ回転楕円体であることを示しており、ニュートンの主張が正しいことが証明された。","[""ニュートン"",""カッシーニ"",""子午線弧長"",""地球の形""]","seed","kept"
"earth_base","earth_base_01","地球のすがた","csat","地殻は大陸地殻と海洋地殻に分けられる。両者の特徴の比較として最も適当なものを、次のうちから一つ選べ。","[""大陸地殻は海洋地殻よりも厚く、平均密度が小さい。"",""大陸地殻は海洋地殻よりも厚く、平均密度が大きい。"",""大陸地殻は海洋地殻よりも薄く、平均密度が小さい。"",""大陸地殻は海洋地殻よりも薄く、平均密度が大きい。""]","0","大陸地殻は厚さ 30km以上50km以下 程度で花崗岩質岩石を多く含み密度が小さい。一方、海洋地殻は厚さ 5km以上10km以下 程度で玄武岩質岩石からなり密度がやや大きい。","[""大陸地殻"",""海洋地殻"",""密度"",""花崗岩"",""玄武岩""]","seed","kept"
"earth_base","earth_base_01","地球のすがた","csat","地球の内部は物質の違いにより、地殻、マントル、核の3層に分けられる。地殻とマントルの境界線の名称として正しいものを、次のうちから一つ選べ。","[""モホロビチッチ不連続面"",""グーテンベルク不連続面"",""レーマン不連続面"",""コンラッド不連続面""]","0","地殻とマントルの境界はモホロビチッチ不連続面と呼ばれる。マントルと外核の境界はグーテンベルク不連続面、外核と内核の境界はレーマン不連続面である。","[""内部構造"",""モホロビチッチ不連続面"",""地殻"",""マントル""]","seed","kept"
"earth_base","earth_base_01","地球のすがた","csat","マントルは地球の体積の 約83% を占める層である。上部マントルを構成する主な岩石として最も適当なものを、次のうちから一つ選べ。","[""かんらん岩"",""花崗岩"",""玄武岩"",""流紋岩""]","0","マントルは主にカンラン石や輝石などの鉱物からなるかんらん岩で構成されている。花崗岩は大陸地殻の上部、玄武岩は海洋地殻を構成する代表的な岩石である。","[""マントル"",""かんらん岩"",""カンラン石"",""輝石""]","seed","kept"
"earth_base","earth_base_01","地球のすがた","csat","地球の核は外核と内核に分けられる。これらの性質に関する記述として最も適当なものを、次のうちから一つ選べ。","[""外核は液体状の鉄やニッケルなどからなり、内核は固体状である。"",""外核は固体状の鉄やニッケルなどからなり、内核は液体状である。"",""外核は液体状のかんらん岩からなり、内核は固体状である。"",""外核は固体状のかんらん岩からなり、内核は液体状である。""]","0","核は主に鉄とニッケルからなる。S波が伝わらないことから、外核は液体であると推定されている。内核は地球深部の高い圧力により固体となっている。","[""外核"",""内核"",""鉄"",""ニッケル"",""S波""]","seed","kept"
"earth_base","earth_base_01","地球のすがた","csat","地震波にはP波とS波がある。これらの波の性質についての記述として最も適当なものを、次のうちから一つ選べ。","[""P波は縦波であり、固体、液体、気体のいずれの中も伝わることができる。"",""P波は横波であり、固体の中だけしか伝わることができない。"",""S波は縦波であり、固体、液体、気体のいずれの中も伝わることができる。"",""S波は横波であり、液体や気体の中だけしか伝わることができない。""]","0","P波は進行方向と同じ方向に振動する縦波で、すべての状態の物質中を伝わる。S波は進行方向と垂直に振動する横波で、固体中しか伝わらない。","[""P波"",""S波"",""縦波"",""横波""]","seed","kept"
"earth_base","earth_base_01","地球のすがた","csat","地球の表層部は、力学的な性質によりリソスフェア（岩石圏）とアセノスフェア（岩流圏）に分けられる。これらの関係についての記述として最も適当なものを、次のうちから一つ選べ。","[""リソスフェアは地殻と最上部マントルからなり、その下にある流動性の高いアセノスフェアの上を移動している。"",""リソスフェアは地殻のみからなり、その下にある流動性の高いアセノスフェアの上を移動している。"",""アセノスフェアは地殻と最上部マントルからなり、その下にある流動性の高いリソスフェアの上を移動している。"",""アセノスフェアは地殻のみからなり、その下にある流動性の高いリソスフェアの上を移動している。""]","0","リソスフェアは地殻と硬い最上部マントルを合わせた厚さ 100km 程度の層であり、プレートと呼ばれる。アセノスフェアはリソスフェアの下にあり、部分溶融して流動性を持ち、プレート運動の要因となっている。","[""リソスフェア"",""アセノスフェア"",""プレート"",""最上部マントル""]","seed","kept"
"earth_base","earth_base_01","地球のすがた","csat","プレートの境界とは無関係に、マントル深部から高温の物質が上昇し、長期間にわたってマグマを供給し続ける場所を何というか。最も適当なものを、次のうちから一つ選べ。","[""ホットスポット"",""海溝"",""海嶺"",""トランスフォーム断層""]","0","ホットスポットはマントル深部の固定された熱源からマグマが上昇してくる場所である。ハワイ諸島は、太平洋プレートがホットスポットの上を移動しながら次々と火山島が形成されてできた。","[""ホットスポット"",""マントル深部"",""ハワイ諸島"",""プルーム""]","seed","kept"
"earth_base","earth_base_01","地球のすがた","csat","地殻がマントルに浮かんで力学的な釣り合いを保っている状態をアイソスタシーという。厚さが異なる同じ密度の木片を水に浮かべたとき、最も厚い木片の状態として正しいものを、次のうちから一つ選べ。","[""水面から出ている部分が最も高く、水面下にある部分も最も深い。"",""水面から出ている部分が最も高いが、水面下にある部分は最も浅い。"",""水面から出ている部分が最も低いが、水面下にある部分は最も深い。"",""水面から出ている部分が最も低く、水面下にある部分も最も浅い。""]","0","アイソスタシーが成立しているとき、高くそびえる大山脈（厚い地殻）ほど、マントルに深く沈み込んで（根を張って）釣り合いを保っている。これは木片を水に浮かべたモデルで説明できる。","[""アイソスタシー"",""地殻"",""マントル"",""浮力""]","seed","kept"
"earth_base","earth_base_01","地球のすがた","csat","地球上の重力に関する記述として最も適当なものを、次のうちから一つ選べ。","[""重力は万有引力と地球の自転による遠心力の合力であり、極で最大となる。"",""重力は万有引力と地球の自転による遠心力の合力であり、赤道で最大となる。"",""重力は万有引力から遠心力を引いたものであり、赤道と極で常に一定である。"",""重力は地球の自転による遠心力のみによって決まるため、極でゼロとなる。""]","0","地球の自転による遠心力は赤道上で最大となり、極ではゼロになる。また、地球が赤道方向にふくらんだ楕円体であるため、赤道上では極よりも地球の中心から遠くなり万有引力が小さくなる。そのため重力は極で最大、赤道で最小となる。","[""重力"",""万有引力"",""遠心力"",""赤道"",""極""]","seed","kept"
"earth_base","earth_base_01","地球のすがた","csat","地球が磁石のような性質を持つ原因を説明する理論として最も適当なものを、次のうちから一つ選べ。","[""ダイナモ理論"",""プレートテクトニクス理論"",""プルームテクトニクス理論"",""アイソスタシーの原理""]","0","地球の磁場（地磁気）は、液体の鉄合金からなる外核が対流を起こし、電磁誘導によって電流が生じることで維持されていると考えられている。これをダイナモ理論という。","[""地磁気"",""外核"",""対流"",""ダイナモ理論""]","seed","kept"
"earth_base","earth_base_01","地球のすがた","csat","海洋底の岩石には過去の地磁気の向きが記録されており、地磁気が過去に何度も逆転してきたことが分かっている。この過去の地磁気を記録している主な鉱物として最も適当なものを、次のうちから一つ選べ。","[""磁鉄鉱"",""カンラン石"",""石英"",""黒雲母""]","0","マグマが冷却して岩石になる際、含まれる磁鉄鉱などの強磁性鉱物が、その当時の地磁気の向きに磁化されたまま固まる。これを残留磁化といい、過去の地磁気の方向を知る手がかりとなる。","[""古地磁気"",""地磁気の逆転"",""磁鉄鉱"",""残留磁化""]","seed","kept"
"earth_base","earth_base_01","地球のすがた","csat","地殻を構成する元素の質量割合を大きい順に並べたものとして正しいものを、次のうちから一つ選べ。","[""酸素、ケイ素、アルミニウム、鉄"",""ケイ素、酸素、鉄、アルミニウム"",""鉄、酸素、ケイ素、マグネシウム"",""酸素、鉄、ケイ素、マグネシウム""]","0","地殻全体の質量に対する各元素の割合をクラーク数という。地殻には酸素が最も多く、次いでケイ素、アルミニウム、鉄の順に多く含まれる。地球全体での構成元素の順位と混同しないよう注意が必要である。","[""クラーク数"",""地殻"",""酸素"",""ケイ素""]","seed","kept"
"earth_base","earth_base_01","地球のすがた","csat","地球全体の平均密度と地殻の密度の比較として最も適当なものを、次のうちから一つ選べ。","[""地球の平均密度は 約5.5g/cm³ であり、地殻の平均密度よりも大きい。"",""地球の平均密度は 約5.5g/cm³ であり、地殻の平均密度よりも小さい。"",""地球の平均密度は 約2.7g/cm³ であり、地殻の平均密度よりも大きい。"",""地球の平均密度は 約2.7g/cm³ であり、地殻の平均密度よりも小さい。""]","0","地球の平均密度は 約5.5g/cm³ である。一方、地殻の平均密度は 2.7g/cm³ から 3.0g/cm³ 程度であり、地球全体の平均密度より小さい。これは地球深部に鉄などを主成分とする高密度の核が存在するためである。","[""平均密度"",""地殻"",""地球内部"",""核""]","seed","kept"
"earth_base","earth_base_01","地球のすがた","csat","地震が発生した際、震央距離が 103度から143度 の範囲には直接P波が到達しない領域がある。この領域を何というか。最も適当なものを、次のうちから一つ選べ。","[""シャドーゾーン"",""リソスフェア"",""アセノスフェア"",""マントル遷移層""]","0","マントルと外核の境界（グーテンベルク不連続面）で地震波が大きく屈折するため、震央距離 103度から143度 の範囲にはP波が直接届かない領域が生じる。これをシャドーゾーン（影の帯）という。","[""シャドーゾーン"",""震央距離"",""P波"",""グーテンベルク不連続面""]","seed","kept"
"earth_base","earth_base_01","地球のすがた","csat","地球の核を構成する物質を推定する手がかりとなる隕石の種類として最も適当なものを、次のうちから一つ選べ。","[""鉄隕石"",""石質隕石"",""石鉄隕石"",""コンドライト""]","0","鉄隕石は主に鉄とニッケルの合金からなり、地球の核の構成物質に対応していると考えられている。一方、石質隕石は地球のマントルの構成物質に似ている。","[""鉄隕石"",""核"",""内部構造"",""隕石""]","seed","kept"
"earth_base","earth_base_01","地球のすがた","csat","プレートが広がる境界（発散境界）に形成される、海底の大山脈を何というか。最も適当なものを、次のうちから一つ選べ。","[""海嶺"",""海溝"",""島弧"",""トランスフォーム断層""]","0","マントルから上昇してきたマグマが冷却されて新しい海洋プレートが作られ、両側に広がっていく海底の山脈を海嶺という。大西洋中央海嶺などが代表的である。","[""海嶺"",""発散境界"",""プレート"",""大西洋中央海嶺""]","seed","kept"
"earth_base","earth_base_01","地球のすがた","csat","海洋プレートが大陸プレートなどの下に沈み込む境界（収束境界）に形成される、水深の深い海底の地形を何というか。最も適当なものを、次のうちから一つ選べ。","[""海溝"",""海嶺"",""地溝"",""トランスフォーム断層""]","0","海洋プレートが他のプレートの下に沈み込む場所にできる、帯状に細長く連続した深い溝を海溝という。日本海溝やマリアナ海溝などが代表的である。","[""海溝"",""収束境界"",""沈み込み帯"",""海洋プレート""]","seed","kept"
"earth_base","earth_base_01","地球のすがた","csat","プレートどうしがすれ違う境界において、海嶺と海嶺の間などで見られる横ずれ断層を何というか。最も適当なものを、次のうちから一つ選べ。","[""トランスフォーム断層"",""逆断層"",""正断層"",""衝上断層""]","0","プレートがすれ違う境界に発達する巨大な断層をトランスフォーム断層という。アメリカ西海岸のサンアンドレアス断層などが有名である。","[""トランスフォーム断層"",""すれ違う境界"",""サンアンドレアス断層"",""横ずれ断層""]","seed","kept"
"earth_base","earth_base_01","地球のすがた","csat","プレートが移動する主な原動力として最も適当なものを、次のうちから一つ選べ。","[""マントルの熱対流"",""地球の自転による遠心力"",""月や太陽の引力による潮汐力"",""地球の公転運動""]","0","地球内部の熱により、流動性を持つマントル（アセノスフェア）で熱対流が起こり、それに乗ってリソスフェア（プレート）が移動する。また、冷えて重くなった海洋プレートがマントルへ沈み込む力も原動力となっている。","[""プレートテクトニクス"",""マントル対流"",""アセノスフェア"",""原動力""]","seed","kept"
"earth_base","earth_base_01","地球のすがた","csat","海嶺の両側で、海洋底の岩石が示す過去の地磁気の向きが対称的な縞模様となる理由として最も適当なものを、次のうちから一つ選べ。","[""海嶺で新しい海底が作られ、地磁気の逆転を記録しながら両側に広がっていくため。"",""海溝で古い海底が沈み込み、その際に岩石が地磁気の影響を受けて磁化されるため。"",""マントル内の対流が縞模様を描いており、それが地殻に転写されるため。"",""地球の自転による遠心力が赤道と極で異なる影響を与え、岩石の磁化方向を変えるため。""]","0","海嶺でマグマが固まって新しい海洋地殻ができる際、当時の地磁気の方向を記録する。新しい地殻は海嶺の両側に広がっていくため、地磁気の逆転の歴史が海嶺を中心とした対称的な縞模様として記録される。","[""地磁気の逆転"",""海洋底拡大説"",""縞模様"",""海嶺""]","seed","kept"
"earth_base","earth_base_01","地球のすがた","csat","地球の表面における陸地の最高標高と海洋の最深水深の差はおよそどれくらいか。最も適当なものを、次のうちから一つ選べ。","["" 約20km"","" 約5km"","" 約10km"","" 約40km""]","0","地球上の最高峰はエベレストの 約8848m（ 約8.8km）、最深部はマリアナ海溝のチャレンジャー海淵で 約10920m（ 約10.9km）である。これらを足し合わせると、地表の最大の起伏は 約20km となる。","[""起伏"",""最高標高"",""最深水深"",""エベレスト"",""マリアナ海溝""]","seed","kept"
"earth_base","earth_base_01","地球のすがた","csat","方位磁針のN極が水平面に対して下を向く角度を伏角という。日本付近（北半球の中緯度地域）での伏角の一般的な特徴として最も適当なものを、次のうちから一つ選べ。","[""N極が下を向く正の値をとる。"",""N極が上を向く負の値をとる。"",""常に 0度 である。"",""常に 90度 である。""]","0","地球の磁場は南半球から出て北半球に入る向きをしている。したがって、北半球では方位磁針のN極が下を向くため伏角は正となり、南半球ではN極が上を向くため伏角は負となる。赤道付近ではほぼ 0度 になる。","[""伏角"",""地磁気"",""北半球"",""方位磁針""]","seed","kept"
"earth_base","earth_base_01","地球のすがた","csat","エラトステネスは、夏至の日の南中高度の差を用いて地球の大きさを求めた。シエネとアレクサンドリアの距離が 900km、夏至の日の太陽の南中高度の差が 7.2度 であった場合、地球の全周は約何 km と計算されるか。","[""40000"",""45000"",""50000"",""55000""]","1","2地点の距離と中心角の比を用いて計算する。 900 × (360 / 7.2) = 45000 となるため、地球の全周は 45000km と求まる。","[""エラトステネス"",""地球の大きさ"",""南中高度"",""中心角""]","seed","kept"
"earth_base","earth_base_01","地球のすがた","csat","地球の形は完全な球ではなく、自転の遠心力によって赤道方向に膨らんだ回転楕円体に近い。赤道半径を a、極半径を b としたとき、地球の偏平率 f を表す式として正しいものはどれか。","[""f = (a - b) / a"",""f = (a - b) / b"",""f = a / (a - b)"",""f = b / (a - b)""]","0","偏平率は赤道半径に対する赤道半径と極半径の差の割合であり、f = (a - b) / a で表される。地球の偏平率は 約1/298 である。","[""地球楕円体"",""偏平率"",""赤道半径"",""極半径""]","seed","kept"
"earth_base","earth_base_01","地球のすがた","csat","地殻の構造に関する記述として、最も適当なものはどれか。","[""大陸地殻は主に玄武岩質岩石からなり、海洋地殻よりも密度が大きい。"",""大陸地殻は主に花こう岩質岩石からなり、海洋地殻よりも密度が小さい。"",""海洋地殻は主に花こう岩質岩石からなり、大陸地殻よりも厚さが厚い。"",""海洋地殻は主に玄武岩質岩石からなり、大陸地殻よりも密度が小さい。""]","1","大陸地殻の上部は主に花こう岩質岩石からなり厚さは 約30km〜50km、海洋地殻は主に玄武岩質岩石からなり厚さは 約5km〜10km である。密度は大陸地殻よりも海洋地殻の方が大きい。","[""大陸地殻"",""海洋地殻"",""花こう岩質"",""玄武岩質""]","seed","kept"
"earth_base","earth_base_01","地球のすがた","csat","地球内部を伝わる地震波の速度は、深さによって急激に変化する。マントルと外核の境界に位置する不連続面の名称として正しいものはどれか。","[""モホロビチッチ不連続面"",""グーテンベルク不連続面"",""レーマン不連続面"",""コンラッド不連続面""]","1","地殻とマントルの境界はモホロビチッチ不連続面、マントルと外核の境界はグーテンベルク不連続面、外核と内核の境界はレーマン不連続面とよばれる。","[""グーテンベルク不連続面"",""モホロビチッチ不連続面"",""レーマン不連続面"",""地震波""]","seed","kept"
"earth_base","earth_base_01","地球のすがた","csat","地球の核に関する記述として、最も適当なものはどれか。","[""外核は主に鉄やニッケルなどの液体からなり、S波が伝わらない。"",""外核は主にケイ酸塩鉱物の固体からなり、P波とS波の両方が伝わる。"",""内核は主に鉄やニッケルなどの液体からなり、対流運動が起きている。"",""内核は主にケイ酸塩鉱物の固体からなり、地球磁場の原因となっている。""]","0","核は主に鉄やニッケルなどの金属からなる。外核は液体であるため、横波であるS波は伝わらない。内核は固体である。地球磁場は外核の対流運動が原因と考えられている。","[""核"",""鉄"",""液体"",""S波""]","seed","kept"
"earth_base","earth_base_01","地球のすがた","csat","プレートテクトニクスにおける地球の表層部の層構造について、正しい記述はどれか。","[""リソスフェアは地殻のみを指し、アセノスフェアはマントル全体を指す。"",""リソスフェアは地殻と上部マントルの一部からなる硬い岩盤である。"",""アセノスフェアは完全に溶融した液体の層であり、リソスフェアの上にある。"",""リソスフェアはアセノスフェアの下にある高温で流動しやすい層である。""]","1","リソスフェア（岩石圏）は地殻と上部マントルの一部を含む厚さ 約100km の硬い岩石の層であり、これがプレートに相当する。その下にある部分溶融して流動性を持つ層をアセノスフェア（岩流圏）という。","[""リソスフェア"",""アセノスフェア"",""プレート""]","seed","kept"
"earth_base","earth_base_01","地球のすがた","csat","プレートの発散境界において形成される特徴的な地形として、最も適当なものはどれか。","[""海溝"",""海嶺"",""弧状列島"",""褶曲山脈""]","1","プレートが互いに遠ざかる発散境界では、地下深部からマグマが上昇して新しいプレートが生成され、海底には海嶺、陸上には地溝が形成される。","[""発散境界"",""海嶺"",""地溝"",""プレートテクトニクス""]","seed","kept"
"earth_base","earth_base_01","地球のすがた","csat","大陸プレート同士が衝突する収束境界において形成される地形の代表例として、正しいものはどれか。","[""東アフリカ地溝帯"",""サンアンドレアス断層"",""ヒマラヤ山脈"",""大西洋中央海嶺""]","2","インド・オーストラリアプレートとユーラシアプレートという大陸プレート同士が衝突する境界では、地殻が厚くなり、ヒマラヤ山脈のような大山脈（褶曲山脈）が形成されている。","[""収束境界"",""大陸プレート"",""ヒマラヤ山脈"",""褶曲山脈""]","seed","kept"
"earth_base","earth_base_01","地球のすがた","csat","プレート同士が水平にすれ違う境界でみられる、プレートの生成や消滅を伴わない断層の名称として正しいものはどれか。","[""正断層"",""逆断層"",""トランスフォーム断層"",""スラスト断層""]","2","海嶺の軸のずれをつなぐように発達し、プレート同士がすれ違う境界をトランスフォーム断層という。アメリカのサンアンドレアス断層がその代表例である。","[""すれ違う境界"",""トランスフォーム断層"",""サンアンドレアス断層""]","seed","kept"
"earth_base","earth_base_01","地球のすがた","csat","世界の火山の分布に関する記述として、最も適当なものはどれか。","[""火山はプレートの中央部にのみ帯状に分布している。"",""プレートが沈み込む境界では、海溝のすぐ真上に火山が並んで形成される。"",""海溝に平行に帯状に分布する火山帯のうち、最も海溝側の境界を火山フロントという。"",""ホットスポットはプレート境界に沿って一定の間隔で分布する。""]","2","沈み込み帯では、海溝から一定の距離だけ離れた大陸側に火山が分布し、その海溝側の限界線を火山フロント（火山前線）という。ホットスポットはプレート境界とは無関係にマントル深部からの熱で生じる。","[""火山フロント"",""沈み込み帯"",""海溝"",""ホットスポット""]","seed","kept"
"earth_base","earth_base_01","地球のすがた","csat","マグマに含まれる二酸化ケイ素 SiO₂ の割合と火山の形に関する記述として、正しいものはどれか。","[""SiO₂の割合が少ないマグマは粘性が小さく、楯状火山を形成しやすい。"",""SiO₂の割合が少ないマグマは粘性が大きく、溶岩ドームを形成しやすい。"",""SiO₂の割合が多いマグマは粘性が小さく、成層火山を形成しやすい。"",""SiO₂の割合が多いマグマは粘性が小さく、楯状火山を形成しやすい。""]","0","二酸化ケイ素 SiO₂ の割合が少ない（約50%程度）玄武岩質マグマは粘性が小さく、流動しやすいため傾斜の緩やかな楯状火山を形成する。SiO₂が多いと粘性が大きく溶岩ドームなどを形成しやすい。","[""マグマの粘性"",""二酸化ケイ素"",""楯状火山"",""玄武岩質""]","seed","kept"
"earth_base","earth_base_01","地球のすがた","csat","マグマが地下深くでゆっくりと冷え固まってできた火成岩にみられる、ほぼ同じ大きさの粗い鉱物の結晶がすき間なく集まった組織を何というか。","[""斑状組織"",""等粒状組織"",""流理構造"",""柱状節理""]","1","マグマが地下深部でゆっくり冷却されると、構成鉱物が十分に成長するため等粒状組織となる。このような組織を持つ火成岩を深成岩という。","[""深成岩"",""等粒状組織"",""マグマ"",""火成岩""]","seed","kept"
"earth_base","earth_base_01","地球のすがた","csat","二酸化ケイ素 SiO₂ の割合が多く、白っぽい色をした酸性岩のうち、深成岩に分類される岩石はどれか。","[""玄武岩"",""斑れい岩"",""安山岩"",""花こう岩""]","3","酸性岩のうち、火山岩は流紋岩、深成岩は花こう岩である。玄武岩と斑れい岩は塩基性岩、安山岩は中性岩の火山岩である。","[""酸性岩"",""深成岩"",""花こう岩"",""流紋岩""]","seed","kept"
"earth_base","earth_base_01","地球のすがた","csat","火成岩を構成する造岩鉱物のうち、鉄やマグネシウムを含まない無色鉱物の組み合わせとして正しいものはどれか。","[""石英、輝石"",""長石、角閃石"",""石英、長石"",""黒雲母、カンラン石""]","2","造岩鉱物のうち、鉄やマグネシウムを含まないため無色や白色を示すものを無色鉱物といい、石英と長石がこれに該当する。黒雲母、角閃石、輝石、カンラン石などは有色鉱物である。","[""造岩鉱物"",""無色鉱物"",""石英"",""長石""]","seed","kept"
"earth_base","earth_base_01","地球のすがた","csat","火山噴出物のうち、火山灰の粒径の定義として正しいものはどれか。","[""直径が 2mm未満"",""直径が 2mm以上64mm未満"",""直径が 64mm以上256mm未満"",""直径が 256mm以上""]","0","火山砕屑物は粒径によって分類される。直径 2mm未満 のものを火山灰、 2mm以上64mm未満 のものを火山礫、 64mm以上 のものを火山岩塊という。","[""火山砕屑物"",""火山灰"",""粒径""]","seed","kept"
"earth_base","earth_base_01","地球のすがた","csat","地震波であるP波とS波の性質に関する記述として、最も適当なものはどれか。","[""P波は横波であり、固体中のみを伝わる。"",""S波は縦波であり、固体、液体、気体中を伝わる。"",""P波は縦波であり、S波よりも伝わる速度が速い。"",""S波は横波であり、P波よりも伝わる速度が速い。""]","2","P波は進行方向と平行に振動する縦波で速度が速く、固体・液体・気体を伝わる。S波は進行方向と垂直に振動する横波で速度が遅く、固体のみを伝わる。","[""地震波"",""P波"",""S波"",""縦波"",""横波""]","seed","kept"
"earth_base","earth_base_01","地球のすがた","csat","ある観測点において、P波の到達からS波が到達するまでの初期微動継続時間が 10秒 であった。この地域のP波の速度を 6km/s、S波の速度を 4km/s としたとき、観測点から震源までの距離は何 km か。","[""60"",""80"",""100"",""120""]","3","大森係数 k[km/s] は k = (6 × 4) / (6 - 4) = 12 である。震源距離 D[km] は初期微動継続時間 T[s] に比例し、 D = k × T の関係がある。よって 12 × 10 = 120 となり、震源距離は 120km である。","[""初期微動継続時間"",""大森公式"",""震源距離"",""地震波""]","seed","kept"
"earth_base","earth_base_01","地球のすがた","csat","地震の規模を表すマグニチュード M の値が 2 大きくなると、地震が放出するエネルギーは約何倍になるか。","[""約2倍"",""約32倍"",""約64倍"",""約1000倍""]","3","マグニチュードが 1 大きくなると地震のエネルギーは 約32倍 になる。値が 2 大きくなると 32 × 32 = 1024 となり、約1000倍 となる。","[""マグニチュード"",""地震のエネルギー"",""地震の規模""]","seed","kept"
"earth_base","earth_base_01","地球のすがた","csat","日本における地震の揺れの大きさを表す「気象庁震度階級」は、現在いくつの段階に分けられているか。","[""7段階"",""8段階"",""10段階"",""12段階""]","2","気象庁震度階級は、 0から7 までの階級がある。そのうち 5と6 はそれぞれ「弱」と「強」に分けられているため、全部で 10段階 となる。","[""気象庁震度階級"",""震度"",""地震の揺れ""]","seed","kept"
"earth_base","earth_base_01","地球のすがた","csat","海溝周辺で発生する巨大地震（プレート境界型地震）のメカニズムに関する記述として、最も適当なものはどれか。","[""大陸プレートの沈み込みによって海洋プレートが引きずり込まれ、限界に達して跳ね返ることで発生する。"",""海洋プレートの沈み込みによって大陸プレートが引きずり込まれ、限界に達して跳ね返ることで発生する。"",""プレート内部に蓄積された張力によって、地殻の浅い部分に正断層が形成されることで発生する。"",""マントルプルームの上昇によってプレートが押し上げられ、地殻が割れることで発生する。""]","1","日本周辺の海溝では、海洋プレートが大陸プレートの下に沈み込んでいる。それに伴い大陸プレートの端が引きずり込まれ、ひずみが限界に達して大陸プレートが急激に跳ね返ることで巨大な海溝型地震が発生する。","[""プレート境界型地震"",""海溝型地震"",""巨大地震"",""沈み込み帯""]","seed","kept"
"earth_base","earth_base_01","地球のすがた","csat","内陸の活断層の活動によって発生する内陸型地震（直下型地震）の特徴として、正しいものはどれか。","[""マグニチュードが 8 を超える巨大地震になることが多く、広範囲に大津波を引き起こす。"",""震源が浅いことが多く、マグニチュードが比較的小さくても震央付近では甚大な被害をもたらすことがある。"",""プレートが深部へ沈み込む面に沿って発生する深発地震である。"",""海溝沿いに周期的に発生し、初期微動継続時間が非常に長いことが特徴である。""]","1","内陸型地震は、内陸の地殻内にある活断層が動くことで発生する。震源の深さが 約20km以浅 と浅いことが多く、マグニチュードが小さくても直上では激しい揺れとなる。兵庫県南部地震などがこれに該当する。","[""内陸型地震"",""活断層"",""直下型地震"",""震源""]","seed","kept"
"earth_base","earth_base_01","地球のすがた","csat","中央海嶺を挟んで両側の海底の岩石に残された古地磁気（過去の地球磁場の記録）を調べると、どのような特徴がみられるか。","[""海嶺に平行な地磁気の正逆の縞模様が、海嶺を軸にして非対称に分布している。"",""海嶺に垂直な地磁気の正逆の縞模様が、海嶺を軸にして対称に分布している。"",""海嶺に平行な地磁気の正逆の縞模様が、海嶺を軸にして対称に分布している。"",""古地磁気の向きはどこでも現在と同じであり、縞模様はみられない。""]","2","海洋底の玄武岩には、マグマが冷え固まった当時の地磁気の向きが記録されている。この地磁気の正逆の縞模様が海嶺を軸にして平行かつ対称に分布していることは、海洋底拡大説の強力な証拠となった。","[""古地磁気"",""海洋底拡大説"",""中央海嶺"",""地磁気の逆転""]","seed","kept"
"earth_base","earth_base_01","地球のすがた","csat","太平洋プレート上にあるハワイ諸島は、ホットスポットの火山活動によって形成された。ハワイ諸島を構成する火山の年齢と位置の関係として正しいものはどれか。","[""どの島も同時期に形成されたため、岩石の年齢はほぼ等しい。"",""ホットスポットから遠い島ほど岩石の年齢が古くなる。"",""ホットスポットから近い島ほど岩石の年齢が古くなる。"",""岩石の年齢とホットスポットからの距離に規則性はない。""]","1","ホットスポットはマントル深部に固定されたマグマの供給源である。プレートが移動するため、ホットスポット上で形成された火山はプレートとともに移動し、ホットスポットから離れた火山ほど形成年代が古くなる。","[""ホットスポット"",""ハワイ諸島"",""プレート運動"",""マントルプルーム""]","seed","kept"
"earth_base","earth_base_01","地球のすがた","csat","地球全体を構成する元素の質量割合を大きい順に並べたものとして、正しいものはどれか。","[""鉄、酸素、ケイ素、マグネシウム"",""酸素、ケイ素、アルミニウム、鉄"",""水素、ヘリウム、酸素、炭素"",""窒素、酸素、アルゴン、二酸化炭素""]","0","地球全体で最も質量割合が大きい元素は鉄であり、核の主成分である。次いで酸素、ケイ素、マグネシウムの順となる。一方、地殻のみでは酸素、ケイ素、アルミニウム、鉄の順（クラーク数）となる。","[""地球の構成元素"",""鉄"",""酸素"",""クラーク数""]","seed","kept"
"earth_base","earth_base_01","地球のすがた","csat","地震に伴って発生する津波の性質に関する記述として、最も適当なものはどれか。","[""水深が深い海域ほど、伝わる速さは遅くなる。"",""水深が深い海域ほど、伝わる速さは速くなる。"",""津波の伝わる速さは水深に関係なく常に一定である。"",""沖合では波高が非常に高く、海岸に近づくにつれて波高は低くなる。""]","1","津波の伝わる速度は水深が深いほど速い。そのため、沖合で発生した津波が浅い海岸に近づくと速度が遅くなる一方で、後ろの波が追いついて重なり波高（波の高さ）が急激に高くなる性質を持つ。","[""津波"",""水深"",""波高"",""地震""]","seed","kept"
"earth_base","earth_base_01","地球のすがた","csat","エラトステネスは、アレキサンドリアとシエネの間の距離と、夏至の日の太陽の南中高度の差を用いて地球の周囲の長さを求めた。このとき、彼が仮定したこととして最も適当なものを、次のうちから一つ選べ。","[""地球は完全な球形であり、太陽光線は平行に降り注ぐ。"",""地球は赤道方向に膨らんだ楕円体であり、太陽光線は平行に降り注ぐ。"",""地球は完全な球形であり、太陽からの距離は測定地によって異なる。"",""地球は赤道方向に膨らんだ楕円体であり、太陽からの距離は測定地によって異なる。""]","0","エラトステネスは、地球を完全な球形であるとし、太陽からの光は地球のどこにでも平行に降り注ぐと仮定して、地球の周囲の長さを計算した。","[""エラトステネス"",""地球の大きさ"",""太陽の南中高度""]","seed","kept"
"earth_base","earth_base_01","地球のすがた","csat","地球は自転の遠心力によって、赤道半径が極半径よりもわずかに長い回転楕円体に近い形をしている。このつぶれの度合いを表す扁平率の式として正しいものを、次のうちから一つ選べ。ただし、赤道半径を a、極半径を b とする。","[""(a - b) / a"",""(a - b) / b"",""a / (a - b)"",""b / (a - b)""]","0","扁平率 f は、赤道半径 a と極半径 b の差を赤道半径 a で割った値 f = (a - b) / a で表される。地球の扁平率は 約1/298 である。","[""地球楕円体"",""扁平率"",""赤道半径"",""極半径""]","seed","kept"
"earth_base","earth_base_01","地球のすがた","csat","地球の内部構造について説明した文として最も適当なものを、次のうちから一つ選べ。","[""地殻は主にかんらん岩などの密度が大きい岩石で構成されている。"",""マントルは主に鉄やニッケルなどの金属で構成されている。"",""外核は液体状の鉄やニッケルなどの金属で構成されている。"",""内核は液体の状態であり、地球の磁場の原因となっている。""]","2","地球の内部は、地殻、マントル、外核、内核に分かれている。地殻は花崗岩や玄武岩など、マントルはかんらん岩などの岩石からなり、外核は液体、内核は固体の鉄やニッケルを主成分とする。","[""地球の内部構造"",""地殻"",""マントル"",""外核"",""内核""]","seed","kept"
"earth_base","earth_base_01","地球のすがた","csat","地震波の速度が深さとともに急激に変化する境界面のうち、地殻とマントルの境界を何というか。最も適当なものを、次のうちから一つ選べ。","[""グーテンベルク不連続面"",""モホロビチッチ不連続面"",""レーマン不連続面"",""コンラッド不連続面""]","1","地殻とマントルの境界はモホロビチッチ不連続面と呼ばれる。マントルと外核の境界はグーテンベルク不連続面、外核と内核の境界はレーマン不連続面である。","[""モホロビチッチ不連続面"",""地殻"",""マントル"",""地震波""]","seed","kept"
"earth_base","earth_base_01","地球のすがた","csat","大陸地殻と海洋地殻の特徴を比較した説明として最も適当なものを、次のうちから一つ選べ。","[""大陸地殻は海洋地殻よりも薄く、密度が大きい。"",""大陸地殻は海洋地殻よりも薄く、密度が小さい。"",""大陸地殻は海洋地殻よりも厚く、密度が大きい。"",""大陸地殻は海洋地殻よりも厚く、密度が小さい。""]","3","大陸地殻の厚さは 約30kmから50km で主に花崗岩質岩石からなり密度が小さい。一方、海洋地殻の厚さは 約5kmから10km で主に玄武岩質岩石からなり密度が大きい。","[""大陸地殻"",""海洋地殻"",""地殻の厚さ"",""密度""]","seed","kept"
"earth_base","earth_base_01","地球のすがた","csat","プレートテクトニクスにおいて、地球の表面を覆う厚さ 100km 程度の硬い岩石の層を指す用語として最も適当なものを、次のうちから一つ選べ。","[""アセノスフェア"",""リソスフェア"",""メソスフェア"",""コア""]","1","地球の表面を覆う地殻と上部マントルの一部を合わせた硬い岩石の層をリソスフェア（岩石圏）と呼び、これがプレートに相当する。その下にある流動性を持つ層をアセノスフェア（岩流圏）と呼ぶ。","[""プレートテクトニクス"",""リソスフェア"",""アセノスフェア"",""プレート""]","seed","kept"
"earth_base","earth_base_01","地球のすがた","csat","海底山脈であり、新しい海洋プレートが生成されて左右に広がる境界である海嶺に関する記述として最も適当なものを、次のうちから一つ選べ。","[""プレートが沈み込む境界であり、深い海溝が形成される。"",""プレートがすれ違う境界であり、トランスフォーム断層が形成される。"",""マントル物質が上昇してマグマとなり、玄武岩質の新しい地殻が形成される。"",""大陸プレート同士が衝突する境界であり、大山脈が形成される。""]","2","海嶺は広がるプレート境界であり、地下深部からマントル物質が上昇してマグマを生じ、玄武岩質の新しい海洋地殻が生成されている。","[""海嶺"",""広がる境界"",""海洋プレート"",""マントル""]","seed","kept"
"earth_base","earth_base_01","地球のすがた","csat","海岸線の形状の類似や古生物の化石の分布などから、1912年 に大陸移動説を提唱した人物は誰か。最も適当なものを、次のうちから一つ選べ。","[""ヘス"",""ホームズ"",""ウェゲナー"",""モホロビチッチ""]","2","ドイツの気象学者ウェゲナーは、1912年 に大陸移動説を提唱し、かつてパンゲアという超大陸が存在したと考えた。","[""大陸移動説"",""ウェゲナー"",""パンゲア""]","seed","kept"
"earth_base","earth_base_01","地球のすがた","csat","日本列島周辺に存在する 4つ のプレートのうち、海洋プレートの組み合わせとして最も適当なものを、次のうちから一つ選べ。","[""ユーラシアプレートと北アメリカプレート"",""ユーラシアプレートとフィリピン海プレート"",""太平洋プレートと北アメリカプレート"",""太平洋プレートとフィリピン海プレート""]","3","日本列島周辺には、大陸プレートであるユーラシアプレートと北アメリカプレート、海洋プレートである太平洋プレートとフィリピン海プレートの計 4つ のプレートが存在している。","[""日本列島"",""海洋プレート"",""太平洋プレート"",""フィリピン海プレート""]","seed","kept"
"earth_base","earth_base_01","地球のすがた","csat","マグマの粘性が小さく、流動性の高い玄武岩質マグマの噴出によって形成される、傾斜が緩やかな火山の形状として最も適当なものを、次のうちから一つ選べ。","[""溶岩ドーム"",""成層火山"",""盾状火山"",""カルデラ""]","2","二酸化ケイ素 SiO₂ の含有量が少なく粘性が小さい玄武岩質マグマは、薄く広がって流れるため、傾斜の緩やかな盾状火山を形成しやすい。","[""マグマの粘性"",""盾状火山"",""玄武岩質マグマ"",""二酸化ケイ素""]","seed","kept"
"earth_base","earth_base_01","地球のすがた","csat","マグマが地下深部でゆっくりと冷え固まってできた岩石に見られる、同じくらいの大きさの粗い鉱物の結晶が組み合わさった組織を何というか。最も適当なものを、次のうちから一つ選べ。","[""斑状組織"",""等粒状組織"",""流理構造"",""柱状節理""]","1","マグマが地下深部でゆっくりと冷却されると、結晶が十分に成長し、同じくらいの大きさの粗い鉱物が組み合わさった等粒状組織をもつ深成岩となる。","[""火成岩"",""深成岩"",""等粒状組織"",""マグマ""]","seed","kept"
"earth_base","earth_base_01","地球のすがた","csat","二酸化ケイ素 SiO₂ の割合が 約70%以上 と多く、白っぽい色をした深成岩の名称として最も適当なものを、次のうちから一つ選べ。","[""玄武岩"",""流紋岩"",""斑れい岩"",""花崗岩""]","3","二酸化ケイ素 SiO₂ を多く含む白っぽい岩石のうち、深成岩は花崗岩、火山岩は流紋岩である。玄武岩と斑れい岩は SiO₂ が少なく黒っぽい岩石である。","[""深成岩"",""花崗岩"",""二酸化ケイ素"",""火成岩の分類""]","seed","kept"
"earth_base","earth_base_01","地球のすがた","csat","火成岩を構成する造岩鉱物のうち、鉄やマグネシウムを含まない無色鉱物の組み合わせとして最も適当なものを、次のうちから一つ選べ。","[""石英、斜長石"",""石英、黒雲母"",""角閃石、輝石"",""斜長石、かんらん石""]","0","火成岩を構成する造岩鉱物のうち、無色鉱物は石英と長石（斜長石やカリ長石）である。黒雲母、角閃石、輝石、かんらん石は鉄やマグネシウムを含む有色鉱物である。","[""造岩鉱物"",""無色鉱物"",""有色鉱物"",""石英"",""長石""]","seed","kept"
"earth_base","earth_base_01","地球のすがた","csat","地震波であるP波とS波の性質についての説明として最も適当なものを、次のうちから一つ選べ。","[""P波はS波よりも伝わる速さが遅く、主要動を引き起こす。"",""P波はS波よりも伝わる速さが速く、初期微動を引き起こす。"",""S波は縦波であり、固体・液体・気体のすべてを伝わる。"",""P波は横波であり、固体をのみ伝わる。""]","1","P波（縦波）は伝播速度が 約6km/sから8km/s と速く、初期微動を引き起こす。S波（横波）は伝播速度が 約3km/sから4km/s で主要動を引き起こすが、液体や気体の中は伝わらない。","[""地震波"",""P波"",""S波"",""初期微動"",""主要動""]","seed","kept"
"earth_base","earth_base_01","地球のすがた","csat","地震計の記録において、P波の到達からS波の到達までの時間を初期微動継続時間という。初期微動継続時間と震源からの距離の関係を述べた法則を何というか。最も適当なものを、次のうちから一つ選べ。","[""フックの法則"",""大森公式"",""ケプラーの法則"",""スネルの法則""]","1","初期微動継続時間は、震源からの距離にほぼ比例する。この関係を大森公式といい、震源距離を求めるのに用いられる。","[""初期微動継続時間"",""震源距離"",""大森公式"",""地震波""]","seed","kept"
"earth_base","earth_base_01","地球のすがた","csat","地震そのものの規模を表す尺度であるマグニチュード M が 2.0 大きくなると、地震のエネルギーは 約何倍 になるか。最も適当なものを、次のうちから一つ選べ。","[""約2倍"",""約10倍"",""約32倍"",""約1000倍""]","3","マグニチュード M が 1.0 大きくなると地震のエネルギーは 約32倍 になり、M が 2.0 大きくなると 32 × 32 = 1024倍（約1000倍）になる。","[""マグニチュード"",""地震のエネルギー"",""震度""]","seed","kept"
"earth_base","earth_base_01","地球のすがた","csat","ハワイ諸島のように、プレートの境界ではなくプレートの内部に位置し、マントル深部から固定されたマグマの供給源から継続的にマグマが噴出している場所を何というか。最も適当なものを、次のうちから一つ選べ。","[""海溝"",""トランスフォーム断層"",""ホットスポット"",""島弧""]","2","ホットスポットはマントル深部に固定されたマグマの供給源であり、プレートがその上を移動することで、ハワイ諸島のような直線状に並んだ火山列が形成される。","[""ホットスポット"",""ハワイ諸島"",""マントルプルーム"",""プレートテクトニクス""]","seed","kept"
"earth_base","earth_base_01","地球のすがた","csat","海洋底の古地磁気の縞模様の発見は、ある学説の強力な証拠となった。その学説として最も適当なものを、次のうちから一つ選べ。","[""海洋底拡大説"",""アイソスタシー説"",""ビッグバン宇宙論"",""斉一観""]","0","海嶺の両側に古地磁気の逆転の歴史が対称的な縞模様として記録されているという発見は、海嶺で新しい海洋底が生成され、左右に広がっているという海洋底拡大説の決定的な証拠となった。","[""地磁気"",""古地磁気"",""海洋底拡大説"",""海嶺""]","seed","kept"
"earth_base","earth_base_01","地球のすがた","csat","地殻がより密度の大きいマントルの上に浮かんでおり、高い山脈の下では地殻が深くマントルに食い込んで力のつり合いが保たれているとする考え方を何というか。最も適当なものを、次のうちから一つ選べ。","[""プレートテクトニクス"",""アイソスタシー"",""マントル対流"",""プルームテクトニクス""]","1","軽い地殻が重いマントルの上に浮いて力学的な均衡を保っている状態をアイソスタシーという。地表の標高が高い場所ほど、地下の地殻は厚くなる。","[""アイソスタシー"",""地殻"",""マントル"",""均衡""]","seed","kept"
"earth_base","earth_base_01","地球のすがた","csat","火山の噴火によって放出される固体の物質である火山砕屑物のうち、直径が 2mm以下 の細かい粒子のことを何というか。最も適当なものを、次のうちから一つ選べ。","[""火山弾"",""火山れき"",""火山灰"",""軽石""]","2","火山砕屑物は粒子の大きさによって分類され、直径が 64mm以上 を火山岩塊、2mm以上64mm未満 を火山れき、2mm以下 を火山灰という。","[""火山砕屑物"",""火山灰"",""火山れき"",""火山岩塊""]","seed","kept"
"earth_base","earth_base_01","地球のすがた","csat","アメリカ西海岸にあるサンアンドレアス断層のように、2つ のプレートが互いにすれ違うように水平に動いている境界に形成される大規模な断層を何というか。最も適当なものを、次のうちから一つ選べ。","[""逆断層"",""正断層"",""トランスフォーム断層"",""衝上断層""]","2","プレート同士がすれ違う境界ではトランスフォーム断層が形成され、浅い地震が頻発する。サンアンドレアス断層はその代表例である。","[""トランスフォーム断層"",""すれ違う境界"",""サンアンドレアス断層"",""プレートテクトニクス""]","seed","kept"
"earth_base","earth_base_01","地球のすがた","csat","地震が発生した地下の破壊開始点と、その真上の地表の点の名称の組み合わせとして最も適当なものを、次のうちから一つ選べ。","[""破壊開始点：震源、真上の点：震央"",""破壊開始点：震央、真上の点：震度"",""破壊開始点：震央、真上の点：震源"",""破壊開始点：震源、真上の点：震度""]","0","地下で岩石が破壊され地震が発生した場所を震源といい、その震源の真上に位置する地表の点を震央という。","[""震源"",""震央"",""地震""]","seed","kept"
"earth_base","earth_base_01","地球のすがた","csat","海溝から大陸側に向かって、地震の震源が次第に深くなるように傾斜して分布している地帯を何というか。最も適当なものを、次のうちから一つ選べ。","[""海嶺"",""和達・ベニオフ帯"",""トランスフォーム断層"",""ホットスポット""]","1","沈み込む海洋プレートに沿って地震が発生する面を深発地震面（和達・ベニオフ帯）と呼ぶ。これはプレートの沈み込みの強力な証拠となっている。","[""深発地震面"",""和達・ベニオフ帯"",""海溝"",""プレートの沈み込み""]","seed","kept"
"earth_base","earth_base_01","地球のすがた","csat","地球の固有磁場は、地球内部のある層で液体金属が対流することによって発生すると考えられている（ダイナモ理論）。この層として最も適当なものを、次のうちから一つ選べ。","[""地殻"",""マントル"",""外核"",""内核""]","2","地球の磁場は、液体の鉄やニッケルからなる外核で金属が対流することによって電流が発生し、それが電磁石の働きをして生じると考えられている。これをダイナモ理論という。","[""地球の磁場"",""ダイナモ理論"",""外核"",""液体金属""]","seed","kept"
"earth_base","earth_base_01","地球のすがた","csat","現在も地殻変動や火山活動が活発な環太平洋造山帯やアルプス・ヒマラヤ造山帯は、地質時代のどの時期以降に形成され始めたものか。最も適当なものを、次のうちから一つ選べ。","[""先カンブリア時代"",""古生代"",""中生代から新生代"",""将来形成される予定の造山帯""]","2","新期造山帯である環太平洋造山帯やアルプス・ヒマラヤ造山帯は、中生代から新生代にかけての比較的最近の地殻変動によって形成された、現在も活動が活発な地域である。","[""造山帯"",""新期造山帯"",""環太平洋造山帯"",""アルプス・ヒマラヤ造山帯""]","seed","kept"
"earth_base","earth_base_02","変動する地球","csat","プレート境界には発散境界、収束境界、すれ違う境界がある。発散境界に見られる地形として最も適当なものを選べ。","[""海嶺"",""海溝"",""弧状列島"",""トランスフォーム断層""]","0","発散境界はマントルからマグマが上昇して新しいプレートが作られる場所であり、海底には海嶺とよばれる山脈が形成される。海溝や弧状列島は収束境界に、トランスフォーム断層はすれ違う境界に見られる。","[""プレートテクトニクス"",""発散境界"",""海嶺""]","seed","kept"
"earth_base","earth_base_02","変動する地球","csat","日本列島周辺には4つのプレートが分布している。次のうち、海洋プレートに分類されるものの組み合わせとして正しいものを選べ。","[""ユーラシアプレートと北米プレート"",""ユーラシアプレートと太平洋プレート"",""太平洋プレートとフィリピン海プレート"",""北米プレートとフィリピン海プレート""]","2","日本列島周辺の4つのプレートのうち、太平洋プレートとフィリピン海プレートは海洋プレートであり、ユーラシアプレートと北米プレートは大陸プレートである。","[""海洋プレート"",""太平洋プレート"",""フィリピン海プレート"",""大陸プレート""]","seed","kept"
"earth_base","earth_base_02","変動する地球","csat","地震波にはP波とS波がある。これらの波に関する記述として最も適当なものを選べ。","[""P波はS波より伝わる速さが遅く、初期微動を起こす。"",""S波は固体のほかに液体や気体中も伝わることができる。"",""P波は縦波であり、進行方向と同じ方向に媒質が振動する。"",""震源から遠くなるほど、初期微動継続時間は短くなる。""]","2","P波は縦波であり進行方向と同じ方向に振動する。またP波はS波より速く伝わり初期微動を起こす。S波は横波で固体中しか伝わらない。震源から遠くなるほど、初期微動継続時間は長くなる。","[""地震波"",""P波"",""S波"",""縦波"",""横波""]","seed","kept"
"earth_base","earth_base_02","変動する地球","csat","震度とマグニチュードに関する記述として、最も適当なものを選べ。","[""マグニチュードは観測点における揺れの強さを表す。"",""震度は震度0 から 震度10 までの 全11階級 で表される。"",""マグニチュードが 1 大きくなると、地震のエネルギーは 約32倍 になる。"",""マグニチュードが同じであれば、震源からの距離に関わらず震度は同じになる。""]","2","マグニチュードは地震そのものの規模（エネルギー）を表し、 1 大きくなるとエネルギーは 約32倍 になる。観測点における揺れの強さを表すのは震度であり、日本の震度階級は 全10階級 である。マグニチュードが同じでも、震源から遠いほど震度は小さくなる。","[""震度"",""マグニチュード"",""地震のエネルギー""]","seed","kept"
"earth_base","earth_base_02","変動する地球","csat","ある地震において、観測点Aでの初期微動継続時間が 10秒 であった。P波の速度を 6km/s、S波の速度を 3km/s としたとき、観測点Aから震源までの距離として適当なものを選べ。","[""30km"",""60km"",""90km"",""120km""]","1","震源距離を d[km]、初期微動継続時間を t[s]、P波速度を Vp[km/s]、S波速度を Vs[km/s] とすると、 t = d / Vs - d / Vp と表せる。これに数値を代入すると 10 = d / 3 - d / 6 となり、 10 = d / 6 と計算できるため、 d = 60 となる。よって震源までの距離は 60km である。","[""初期微動継続時間"",""大森公式"",""P波"",""S波""]","seed","kept"
"earth_base","earth_base_02","変動する地球","csat","プレート境界で発生する海溝型地震に関する記述として最も適当なものを選べ。","[""大陸プレートが海洋プレートの下に沈み込むことで発生する。"",""発生の周期は数十万年程度と非常に長い。"",""プレート境界に蓄積されたひずみが限界に達し、大陸プレートが跳ね返ることで発生する。"",""震源は非常に浅く、主に地表から 10km以内 で発生する。""]","2","海溝型地震は、海洋プレートが大陸プレートの下に沈み込む際に大陸プレートが引きずり込まれ、蓄積されたひずみが限界に達して跳ね返ることで発生する。周期は数十年から百数十年程度である。内陸の活断層による地震は地表から 20km以内 程度の浅い場所で発生するが、海溝型地震は深さ数十kmでも発生する。","[""海溝型地震"",""プレート境界地震"",""大陸プレート"",""海洋プレート""]","seed","kept"
"earth_base","earth_base_02","変動する地球","csat","マグマの性質と火山の形の関係について、最も適当なものを選べ。","[""二酸化ケイ素の割合が多いマグマほど粘性が低く、流動性が高い。"",""マグマの粘性が高いと、溶岩ドーム（鐘状火山）のような形の火山ができやすい。"",""マグマの温度が高いほど、マグマの粘性は高くなる。"",""楯状火山は、粘性が高く爆発的な噴火によって形成される。""]","1","二酸化ケイ素 SiO₂ の割合が多いほどマグマの粘性は高くなる。また、マグマの温度が低いほど粘性は高い。粘性の高いマグマは溶岩ドームを形成しやすく、爆発的な噴火を起こしやすい。楯状火山は粘性の低いマグマの穏やかな噴火により形成される。","[""火山の形"",""マグマの粘性"",""二酸化ケイ素"",""溶岩ドーム""]","seed","kept"
"earth_base","earth_base_02","変動する地球","csat","火山噴出物に関する記述として最も適当なものを選べ。","[""火山ガスの主成分は二酸化炭素である。"",""火山灰は、直径 2mm未満 の火山砕屑物である。"",""軽石は、苦鉄質（黒っぽい）マグマから形成された多孔質の岩石である。"",""火山弾は、固まった溶岩が火口から吹き飛ばされたものである。""]","1","火山ガスの主成分は水蒸気 H₂O である。軽石は珪長質（白っぽい）マグマに由来する多孔質の岩石である。火山弾は、火口から放出されたマグマが空中で固まったものである。直径 2mm未満 の火山砕屑物を火山灰という。","[""火山噴出物"",""火山灰"",""軽石"",""火山弾""]","seed","kept"
"earth_base","earth_base_02","変動する地球","csat","火成岩の組織に関する記述として最も適当なものを選べ。","[""火山岩はマグマが地下深くでゆっくり冷え固まってできる。"",""深成岩は大きな結晶のみからなる等粒状組織を示す。"",""斑状組織における細粒の結晶やガラス質の部分を斑晶という。"",""石基はマグマが地下深くでゆっくり冷え固まることで形成される。""]","1","マグマが地下深くでゆっくり冷え固まると、結晶が大きく成長して等粒状組織をもつ深成岩になる。地表付近で急に冷え固まると、斑晶と石基からなる斑状組織をもつ火山岩になる。細粒の結晶やガラス質の部分は石基とよばれる。","[""火成岩"",""深成岩"",""等粒状組織"",""斑状組織""]","seed","kept"
"earth_base","earth_base_02","変動する地球","csat","含まれる有色鉱物の割合が最も多く、全体として最も黒っぽい火成岩として適当なものを選べ。","[""流紋岩"",""安山岩"",""花崗岩"",""玄武岩""]","3","玄武岩は苦鉄質岩（塩基性岩）の火山岩であり、有色鉱物を多く含むため全体として黒っぽい色をしている。流紋岩や花崗岩は無色鉱物を多く含む珪長質岩（酸性岩）で白っぽく、安山岩は中間の色合いをもつ。","[""火成岩"",""苦鉄質岩"",""玄武岩"",""有色鉱物""]","seed","kept"
"earth_base","earth_base_02","変動する地球","csat","造岩鉱物のうち、無色鉱物に分類されるものの組み合わせとして正しいものを選べ。","[""石英と長石"",""石英と黒雲母"",""長石と輝石"",""角閃石とカンラン石""]","0","造岩鉱物のうち、鉄やマグネシウムを含まない無色鉱物は石英と長石である。黒雲母、角閃石、輝石、カンラン石は鉄やマグネシウムを含むため色がついており、有色鉱物とよばれる。","[""造岩鉱物"",""無色鉱物"",""石英"",""長石""]","seed","kept"
"earth_base","earth_base_02","変動する地球","csat","マグマの熱によって岩石が変化する接触変成作用において、泥岩などの細かい粒子の岩石が変化してできる硬く緻密な変成岩として適当なものを選べ。","[""結晶片岩"",""ホルンフェルス"",""片麻岩"",""結晶質石灰岩""]","1","泥岩や砂岩などがマグマの熱による接触変成作用を受けてできる、硬く緻密な岩石をホルンフェルスという。石灰岩が接触変成作用を受けると大理石ともよばれる結晶質石灰岩になる。結晶片岩や片麻岩は広域変成作用によって形成される。","[""変成岩"",""接触変成作用"",""ホルンフェルス"",""マグマの熱""]","seed","kept"
"earth_base","earth_base_02","変動する地球","csat","プレートの沈み込み帯などで、広範囲にわたって温度や圧力の影響を受けてできる広域変成岩の特徴として適当なものを選べ。","[""石灰岩がマグマの熱のみを受けて形成される。"",""鉱物が一定の方向に並び、薄くはがれやすい片理とよばれる構造をもつことが多い。"",""マグマとの接触部周辺にのみ限定して分布する。"",""砂岩が熱による再結晶作用を受けて形成された珪岩などがある。""]","1","広域変成岩は、地下深くで強い方向性のある圧力を受けて形成されるため、鉱物が一定の方向に配列し、薄くはがれやすい片理という構造をもつことが多い。代表的な岩石に結晶片岩や片麻岩がある。","[""広域変成作用"",""結晶片岩"",""片麻岩"",""片理""]","seed","kept"
"earth_base","earth_base_02","変動する地球","csat","地層の両側から引っ張られる力（張力）がはたらくことで形成される断層として適当なものを選べ。","[""逆断層"",""正断層"",""右横ずれ断層"",""左横ずれ断層""]","1","地層が両側から引っ張られる力（張力）を受けると、断層面を境にして上盤がずり落ちる正断層が形成される。逆に両側から押し縮められる力（圧縮力）を受けると、上盤がのし上がる逆断層が形成される。","[""断層"",""正断層"",""張力"",""地層の変形""]","seed","kept"
"earth_base","earth_base_02","変動する地球","csat","過去の地殻変動を示す不整合についての記述として、最も適当なものを選べ。","[""不整合面の上の地層より、下の地層のほうが必ず新しい。"",""不整合面は、地層が連続して途切れなく堆積したことを示している。"",""不整合は、海底での堆積、隆起・風化・侵食、その後の沈降と堆積という一連の変動を示す。"",""不整合面には、必ず大規模な断層や褶曲が見られる。""]","2","不整合とは、上下の地層の堆積に大きな時間的空白がある関係をいう。海底で堆積した地層が隆起して陸上になり侵食を受け、再び沈降して海底になりその上に新たな地層が堆積したことを示しており、地殻変動の重要な証拠となる。","[""不整合"",""地殻変動"",""隆起"",""沈降""]","seed","kept"
"earth_base","earth_base_02","変動する地球","csat","ハワイ諸島のように、プレートの運動とは関係なくマントル深部からマグマが供給される場所をホットスポットという。ハワイ諸島についての記述として最も適当なものを選べ。","[""ホットスポットの位置はプレートとともに移動している。"",""プレートの移動方向の延長線上にある島ほど、形成された年代が新しい。"",""ハワイ諸島は、太平洋プレートが移動することによって形成された。"",""ホットスポットでは主に流紋岩質のマグマが噴出する。""]","2","ホットスポットはマントル深部に固定されており、その上を太平洋プレートが北西方向に移動することで火山島が列をなして形成された。そのため、現在のホットスポットから離れた島（プレート移動方向の先にある島）ほど年代が古い。噴出するマグマは主に玄武岩質である。","[""ホットスポット"",""マントル"",""ハワイ諸島"",""プレート運動""]","seed","kept"
"earth_base","earth_base_02","変動する地球","csat","地震に伴う災害についての記述のうち、液状化現象に関するものとして最も適当なものを選べ。","[""海底の断層運動により、海水が持ち上げられて巨大な波が発生する。"",""水分を多く含んだ砂質の地盤が、強い揺れによって液体のように振る舞う。"",""火山の噴火によって、火山灰や軽石が水とともに斜面を高速で流れ下る。"",""山間部で地震の揺れにより斜面が崩壊し、土砂が川をせき止める。""]","1","液状化現象は、地下水に満たされた砂質の地盤が地震の強い揺れを受けることで砂粒どうしの結びつきがはずれ、泥水のように液体として振る舞う現象である。これにより、建物の沈下やマンホールの浮上などの被害が発生する。","[""液状化現象"",""地震災害"",""砂質地盤""]","seed","kept"
"earth_base","earth_base_02","変動する地球","csat","日本列島の基盤を構成する重要な要素である「付加体」に関する記述として最も適当なものを選べ。","[""発散境界において、マントルから上昇したマグマが冷え固まってできる。"",""海溝から沈み込む海洋プレートの上の堆積物などが、大陸プレートの縁に押し付けられてできる。"",""ホットスポットでの火山活動によって形成された海山のことである。"",""トランスフォーム断層に沿って形成される、水平方向にずれた地層のことである。""]","1","海洋プレートが海溝で大陸プレートの下に沈み込む際、海洋プレート上に乗っていた堆積物や海山の砕屑物がはぎ取られ、大陸プレートの縁に押し付けられて積み重なったものを付加体という。日本列島の基盤の多くはこの付加体からできている。","[""付加体"",""沈み込み帯"",""海溝"",""堆積物""]","seed","kept"
"earth_base","earth_base_02","変動する地球","csat","地球内部でのマグマの発生について、最も適当なものを選べ。","[""マントルは全体が溶融してマグマの海になっている。"",""海嶺の下では、マントル物質が下降することで圧力が上昇し、マグマが発生する。"",""沈み込み帯では、沈み込むプレートから水が供給されることでマントル物質の融点が下がり、マグマが発生する。"",""ホットスポットのマグマは、地殻の岩石が摩擦熱によって溶融したものである。""]","2","マントルは固体であるが、特定の条件で一部が溶融（部分溶融）してマグマとなる。海溝などの沈み込み帯では、海洋プレートから水 H₂O が供給されることで周囲のマントルの融点が下がり、マグマが発生する。海嶺ではマントル物質が上昇して圧力が下がることでマグマが発生する。","[""マグマの発生"",""沈み込み帯"",""水"",""融点低下""]","seed","kept"
"earth_base","earth_base_02","変動する地球","csat","日本海溝のような沈み込み帯において、震源の深さが海溝から大陸側へ向かって次第に深くなるように分布する帯状の領域を何というか。","[""アセノスフェア"",""マントルウェッジ"",""和達・ベニオフ帯"",""リソスフェア""]","2","沈み込む海洋プレートの上面に沿って深発地震が発生する領域を、和達・ベニオフ帯（深発地震面）という。これにより、沈み込むプレートの形状や角度を知ることができる。","[""深発地震面"",""和達・ベニオフ帯"",""沈み込み帯"",""海溝""]","seed","kept"
"earth_base","earth_base_02","変動する地球","csat","緊急地震速報の原理として最も適当なものを選べ。","[""過去の地震データから、次の地震が発生する日時を予測して発表する。"",""震源付近のひずみを常時測定し、限界に達した瞬間に警報を出す。"",""早く伝わるP波を検知し、遅れてくる強い揺れのS波が到達する前に情報を伝える。"",""地震波が到達してから、揺れの強さを計算してテレビやラジオで速報する。""]","2","緊急地震速報は、地震発生直後に震源に近い観測点でP波（初期微動）を検知し、そのデータから即座に震源や規模を推定して、主要動をもたらすS波が到達する前に各地へ強い揺れの到達時刻や震度を予測・伝達するシステムである。","[""緊急地震速報"",""P波"",""S波"",""初期微動""]","seed","kept"
"earth_base","earth_base_02","変動する地球","csat","地層が左右からの強い圧縮力を受けて、波打つように曲がった変形構造を何というか。","[""断層"",""節理"",""褶曲"",""不整合""]","2","地層が長期間にわたって両側から押し縮められる圧縮力を受けることで、波打つように曲がって変形した構造を褶曲という。上に凸に曲がった部分を背斜、下に凹に曲がった部分を向斜という。","[""褶曲"",""地層の変形"",""圧縮力""]","seed","kept"
"earth_base","earth_base_02","変動する地球","csat","津波の伝わり方に関する記述として、最も適当なものを選べ。","[""水深が浅い海岸に近づくほど、津波の伝わる速さは速くなる。"",""水深が浅い海岸に近づくほど、波の高さは低くなる。"",""津波の伝わる速さは、水深が深い場所ほど速い。"",""沖合では波の高さが非常に高いため、船上の人は容易に津波に気づくことができる。""]","2","津波の速さは水深が深いほど速く、浅くなるにつれて遅くなる。海岸に近づいて水深が浅くなり波の速さが遅くなると、後から進んでくる波が追いついて重なるため、波の高さ（波高）は急激に高くなる。沖合では波高が低く波長が長いため、気づきにくい。","[""津波"",""水深"",""波高"",""波の速さ""]","seed","kept"
"earth_base","earth_base_02","変動する地球","csat","造岩鉱物のうち、決まった方向に割れやすい性質（へき開）を持たない鉱物として適当なものを選べ。","[""石英"",""黒雲母"",""長石"",""角閃石""]","0","石英やカンラン石は決まった方向に割れやすい性質であるへき開を持たず、ガラスのように不規則に割れる断口を示す。一方、黒雲母は一方向に薄くはがれやすく、長石や角閃石も明瞭なへき開を持つ。","[""造岩鉱物"",""へき開"",""断口"",""石英""]","seed","kept"
"earth_base","earth_base_02","変動する地球","csat","日本の気象庁が定めている震度階級についての記述として正しいものを選べ。","[""震度は震度0 から 震度7 までの 全8階級 である。"",""震度は震度0 から 震度7 までの 全10階級 である。"",""震度は震度1 から 震度10 までの 全10階級 である。"",""震度は震度0 から 震度10 までの 全11階級 である。""]","1","気象庁の震度階級は、震度0、震度1、震度2、震度3、震度4、震度5弱、震度5強、震度6弱、震度6強、震度7 の 全10階級 である。","[""震度階級"",""気象庁"",""全10階級""]","seed","kept"
"earth_base","earth_base_02","変動する地球","csat","地球の内部構造について述べた文として最も適当なものを選べ。","[""地殻は主に玄武岩質や花崗岩質の岩石からなり、マントルは主にかんらん岩質の岩石からなる。"",""外核は主に鉄やニッケルなどの固体からなり、内核はそれらの液体からなる。"",""海洋地殻の厚さは大陸地殻よりも厚く、平均して 30km 程度である。"",""マントルは地球の体積の 約50% を占めている。""]","0","外核は液体、内核は固体である。海洋地殻は厚さ 5km から 10km 程度であり、大陸地殻よりも薄い。マントルは地球の体積の 約83% を占めている。したがって、Aが正しい。","[""地球の内部構造"",""地殻"",""マントル"",""核""]","seed","kept"
"earth_base","earth_base_02","変動する地球","csat","プレートの境界に関する記述として最も適当なものを選べ。","[""日本海溝は、大陸プレート同士が衝突してできた境界である。"",""大西洋中央海嶺は、新しい海洋プレートが生成される発散する境界である。"",""トランスフォーム断層は、プレートが沈み込んで消滅する境界である。"",""ヒマラヤ山脈は、海洋プレートと大陸プレートがすれ違う境界である。""]","1","大西洋中央海嶺は、マントルから上昇したマグマが新しい海洋プレートを作る発散する境界である。日本海溝は海洋プレートが沈み込む境界であり、トランスフォーム断層はプレート同士がすれ違う境界である。ヒマラヤ山脈は大陸プレート同士が衝突する境界である。","[""プレートテクトニクス"",""発散する境界"",""海嶺"",""トランスフォーム断層""]","seed","kept"
"earth_base","earth_base_02","変動する地球","csat","ハワイ諸島のように、プレート内部で火山活動が起こる場所を何というか。最も適当なものを選べ。","[""海溝"",""トランスフォーム断層"",""ホットスポット"",""島弧""]","2","マントル深部から固定されたマグマの供給源があり、プレート内部で火山活動が起こる場所をホットスポットという。プレートの移動に伴って火山島が列をなすため、プレートの運動方向を知る手がかりとなる。","[""ホットスポット"",""プレート内部"",""ハワイ諸島"",""火山活動""]","seed","kept"
"earth_base","earth_base_02","変動する地球","csat","地震波のP波とS波の性質について述べた文として最も適当なものを選べ。","[""P波はS波よりも伝わる速度が遅く、主要動を引き起こす。"",""P波は固体の中しか伝わらないが、S波は固体、液体、気体の中を伝わる。"",""P波は縦波であり、進行方向と同じ方向に媒質が振動する。"",""S波が外核を通過できることから、外核は液体であると推測されている。""]","2","P波は縦波であり、S波よりも速く伝わり初期微動を引き起こす。また、P波は固体、液体、気体の中を伝わるが、横波であるS波は固体の中しか伝わらない。S波が外核を通過できないことから、外核は液体であると推測されている。","[""地震波"",""P波"",""S波"",""縦波"",""横波""]","seed","kept"
"earth_base","earth_base_02","変動する地球","csat","地震のマグニチュードと震度に関する記述として最も適当なものを選べ。","[""マグニチュードは観測地点での揺れの大きさを表す指標である。"",""マグニチュードの値が 1 大きくなると、地震のエネルギーは 約10倍 になる。"",""同じ地震でも、観測地点によって震度の階級は異なることがある。"",""日本の気象庁震度階級は、0から10までの 11段階 で表される。""]","2","震度は各観測地点での揺れの大きさを表すため、場所によって異なる。マグニチュードは地震そのものの規模（エネルギー）を表し、値が 1 大きくなるとエネルギーは 約32倍 になる。日本の気象庁震度階級は、0、1、2、3、4、5弱、5強、6弱、6強、7の10段階である。","[""マグニチュード"",""震度"",""気象庁震度階級""]","seed","kept"
"earth_base","earth_base_02","変動する地球","csat","ある地震において、観測地点Aでの初期微動継続時間は 10秒 であった。P波の速度を 6km/s 、S波の速度を 4km/s としたとき、観測地点Aから震源までの距離として最も適当なものを選べ。","[""20km"",""60km"",""100km"",""120km""]","3","初期微動継続時間と震源までの距離は比例し、その比例定数を大森係数という。大森係数は (6 × 4) / (6 - 4) = 12[km/s] と計算できる。したがって震源までの距離は 12 × 10 = 120km と求められる。","[""初期微動継続時間"",""大森公式"",""P波"",""S波""]","seed","kept"
"earth_base","earth_base_02","変動する地球","csat","マグマの二酸化ケイ素 SiO₂ の含有量と火山の特徴の組み合わせとして最も適当なものを選べ。","[""SiO₂が少ないマグマは粘性が高く、鐘状火山（溶岩ドーム）を形成しやすい。"",""SiO₂が多いマグマは粘性が低く、激しい爆発的な噴火を起こしやすい。"",""SiO₂が少ないマグマは色が黒っぽく、穏やかな噴火で楯状火山を形成しやすい。"",""SiO₂が多いマグマは色が白っぽく、流動性が高いため遠くまで溶岩が流れる。""]","2","二酸化ケイ素 SiO₂ が少ない玄武岩質マグマは、粘性が低く流動性に富むため、穏やかな噴火を起こし楯状火山を形成する。また、岩石は黒っぽい色になる。逆にSiO₂が多い流紋岩質マグマは、粘性が高く、爆発的な噴火を起こし溶岩ドームを形成し、白っぽい色の岩石となる。","[""二酸化ケイ素"",""マグマの粘性"",""火山の形"",""火山噴火""]","seed","kept"
"earth_base","earth_base_02","変動する地球","csat","次の火成岩のうち、深成岩であり、かつ有色鉱物の割合が最も高い（色指数が大きい）ものはどれか。","[""花崗岩"",""はんれい岩"",""流紋岩"",""玄武岩""]","1","深成岩には、無色鉱物が多い順に花崗岩、閃緑岩、はんれい岩がある。火山岩には、流紋岩、安山岩、玄武岩がある。流紋岩と玄武岩は火山岩である。深成岩の中で最も有色鉱物の割合が高いのははんれい岩である。","[""火成岩"",""深成岩"",""火山岩"",""色指数"",""はんれい岩""]","seed","kept"
"earth_base","earth_base_02","変動する地球","csat","火成岩を構成する造岩鉱物について述べた文として最も適当なものを選べ。","[""石英は鉄やマグネシウムを含むため、黒っぽい色をしている。"",""長石は無色鉱物であり、多くの火成岩に広く含まれている。"",""黒雲母は無色鉱物であり、決まった方向に割れやすい性質（劈開）を持たない。"",""かんらん岩の主な構成鉱物であるかんらん石は、無色鉱物である。""]","1","長石と石英は鉄やマグネシウムを含まない無色鉱物である。長石はほとんどの火成岩に多く含まれる。黒雲母やかんらん石は鉄やマグネシウムを含む有色鉱物である。黒雲母には一方向に薄くはがれる劈開がある。","[""造岩鉱物"",""無色鉱物"",""有色鉱物"",""長石"",""石英""]","seed","kept"
"earth_base","earth_base_02","変動する地球","csat","日本周辺の地震の発生メカニズムについて述べた文として誤っているものを選べ。","[""海溝型地震は、沈み込む海洋プレートと引きずり込まれた陸側プレートとの境界で発生する。"",""内陸地殻内地震（活断層による地震）は、海溝型地震に比べて震源が浅いため、マグニチュードが小さくても甚大な被害をもたらすことがある。"",""日本海溝や南海トラフの周辺では、プレートの沈み込みに伴って深発地震面（和達・ベニオフ面）が形成される。"",""太平洋プレートの内部では地震が全く発生せず、地震はプレート境界のみで起こる。""]","3","地震はプレート境界付近で最も多く発生するが、プレート内部でも応力がたまることで海洋プレート内地震や内陸地殻内地震などが発生する。したがって、太平洋プレートの内部でも地震は発生する。","[""海溝型地震"",""内陸地殻内地震"",""深発地震面"",""プレート境界""]","seed","kept"
"earth_base","earth_base_02","変動する地球","csat","地層の不整合に関する記述として最も適当なものを選べ。","[""不整合面は、地層が途切れることなく連続して堆積したことを示している。"",""不整合面の形成には、地盤の隆起による陸化と侵食作用、その後の沈降が必要である。"",""不整合面のすぐ上には、細粒の泥岩が堆積することが多い。"",""不整合面を境界にして、上下の地層に含まれる化石は常に同じ時代を示す。""]","1","不整合は、堆積が長期間中断し、地層の一部が侵食された後に再び堆積が起こることで形成される。そのためには隆起と侵食、その後の沈降が必要である。不整合面の直上には、侵食された岩石の破片である基底礫岩が堆積することが多い。また、上下の地層の間には大きな時間の空白がある。","[""不整合"",""整合"",""隆起"",""沈降"",""基底礫岩""]","seed","kept"
"earth_base","earth_base_02","変動する地球","csat","地層の対比に用いられる鍵層として、最も適当なものを選べ。","[""特定の環境でしか堆積しない泥岩層"",""広範囲に短期間で降り積もった火山灰層"",""河口付近で形成された厚い砂岩層"",""サンゴの死骸からなる石灰岩層""]","1","離れた地域の間で地層の対比を行う際、目印となる地層を鍵層と呼ぶ。鍵層の条件としては、広い範囲にわたって短期間に堆積し、特徴が分かりやすいことが挙げられる。火山灰層はその条件を満たすため、優れた鍵層となる。","[""鍵層"",""地層の対比"",""火山灰""]","seed","kept"
"earth_base","earth_base_02","変動する地球","csat","地殻に力が加わって生じる地質構造に関する記述として最も適当なものを選べ。","[""地層が左右から引張の力を受けると、逆断層が形成されやすい。"",""地層が左右から圧縮の力を受けると、正断層が形成されやすい。"",""地層が左右から圧縮の力を受けて波状に曲がった構造を褶曲という。"",""褶曲において、地層が谷を伏せたように上に凸に曲がった部分を向斜という。""]","2","地層が圧縮の力を受けると、逆断層や褶曲が形成されやすい。引張の力を受けると正断層が形成されやすい。また、褶曲において、上に凸に曲がった部分を背斜、下に凸に曲がった部分を向斜という。","[""地質構造"",""褶曲"",""正断層"",""逆断層"",""背斜""]","seed","kept"
"earth_base","earth_base_02","変動する地球","csat","地層が堆積した当時の環境を知る手がかりとなる示相化石として、最も適当なものを選べ。","[""アンモナイト"",""サンゴ"",""三葉虫"",""フズリナ""]","1","堆積した当時の環境を示す化石を示相化石という。造礁サンゴは、暖かく浅くてきれいな海に生息するため、優れた示相化石である。アンモナイト、三葉虫、フズリナは、生存期間が短く広い範囲に分布していたため、地層の年代を示す示準化石として用いられる。","[""示相化石"",""示準化石"",""サンゴ"",""古環境""]","seed","kept"
"earth_base","earth_base_02","変動する地球","csat","津波に関する記述として最も適当なものを選べ。","[""津波は風によって引き起こされる波であり、海底の地形変化とは無関係である。"",""津波の伝わる速さは、水深が浅くなるほど速くなる。"",""沖合では波高が低くても、海岸に近づいて水深が浅くなると波高は急激に高くなる。"",""津波は常に海岸で水が引く現象（引き波）から始まる。""]","2","津波は海底地震などによる海底の上下変動によって発生する波である。津波の速度は水深が深いほど速く、浅くなると遅くなる。速度が遅くなることで後方から来る波が追いつき、波高が急激に高くなる。また、津波は引き波から始まるとは限らず、押し波から始まることもある。","[""津波"",""波高"",""海底地震"",""水深""]","seed","kept"
"earth_base","earth_base_02","変動する地球","csat","地球の表面を覆うプレートに関する記述として最も適当なものを選べ。","[""プレートは地殻のみから構成される硬い岩石の層である。"",""海洋プレートは大陸プレートに比べて密度が大きく、薄い。"",""プレートはアセノスフェア（岩流圏）よりも下部にある硬い層である。"",""全てのプレートは同じ速度で移動している。""]","1","プレートは地殻と上部マントルの一部からなる硬い岩石の層（リソスフェア）であり、流動性のあるアセノスフェアの上に乗って移動している。海洋プレートは厚さが薄いが、玄武岩質の岩石を多く含むため大陸プレートよりも密度が大きい。プレートの移動速度はそれぞれ異なる。","[""プレート"",""海洋プレート"",""大陸プレート"",""リソスフェア"",""アセノスフェア""]","seed","kept"
"earth_base","earth_base_02","変動する地球","csat","火山の噴火によって放出される物質に関する記述として最も適当なものを選べ。","[""火山ガスの主成分は二酸化炭素であり、水蒸気はほとんど含まれない。"",""火山砕屑物のうち、直径が 2mm以下 のものを火山灰という。"",""軽石は、粘性の低い玄武岩質マグマから多量のガスが抜け出してできたものである。"",""火山弾は、固まった岩石が火口から吹き飛ばされた角張った破片である。""]","1","火山ガスの主成分は水蒸気である。火山灰は直径が 2mm以下 の火山砕屑物である。軽石は粘性の高いマグマからガスが抜け出してできた多孔質の岩石であり、玄武岩質のマグマからできたものはスコリアと呼ばれる。火山弾は放出されたマグマが空中で冷え固まりながら飛来したもので、特定の形を持つ。","[""火山ガス"",""火山砕屑物"",""火山灰"",""軽石""]","seed","kept"
"earth_base","earth_base_02","変動する地球","csat","生物の遺骸が堆積してできた生物岩の組み合わせとして、最も適当なものを選べ。","[""泥岩と砂岩"",""石灰岩とチャート"",""凝灰岩と礫岩"",""岩塩と石膏""]","1","泥岩、砂岩、礫岩は砕屑岩である。石灰岩はサンゴやフズリナなどの殻が、チャートは放散虫やケイソウなどの殻が堆積してできた生物岩である。凝灰岩は火山灰が堆積した火山砕屑岩であり、岩塩や石膏は水中の成分が沈殿してできた化学岩である。","[""堆積岩"",""生物岩"",""石灰岩"",""チャート""]","seed","kept"
"earth_base","earth_base_02","変動する地球","csat","日本列島の地質や周辺のプレート境界に関する記述として最も適当なものを選べ。","[""日本列島の太平洋側には、新しい海洋プレートが生まれる海嶺が分布している。"",""伊豆・小笠原海溝では、フィリピン海プレートが太平洋プレートの下に沈み込んでいる。"",""南海トラフでは、フィリピン海プレートがユーラシアプレートやアムールプレートの下に沈み込んでいる。"",""日本アルプスなどの高い山脈は、主に火山活動によって形成されたものである。""]","2","日本列島の太平洋側には海溝などの沈み込み帯が分布している。伊豆・小笠原海溝では太平洋プレートがフィリピン海プレートの下に沈み込んでいる。南海トラフではフィリピン海プレートが陸のプレートの下に沈み込んでいる。日本アルプスはプレートの沈み込みに伴う地殻の隆起によって形成された。","[""日本列島"",""南海トラフ"",""フィリピン海プレート"",""太平洋プレート""]","seed","kept"
"earth_base","earth_base_02","変動する地球","csat","岩石の風化に関する記述として最も適当なものを選べ。","[""温度変化や水の凍結によって岩石が破壊される作用を化学的風化という。"",""二酸化炭素を含む水によって石灰岩が溶ける作用は、機械的風化の一種である。"",""機械的風化は、寒冷な地域や乾燥した地域で活発に起こりやすい。"",""岩石が風化して細かな粒子になったものは、堆積岩になることはない。""]","2","温度変化や水の凍結による岩石の破壊は機械的風化であり、寒冷地や乾燥地で活発である。水や空気中の成分と反応して岩石が溶けたり変化したりする作用は化学的風化であり、温暖で湿潤な地域で活発である。風化された岩石の粒子は運搬・堆積し、砕屑岩となる。","[""風化"",""機械的風化"",""化学的風化""]","seed","kept"
"earth_base","earth_base_02","変動する地球","csat","変成岩に関する記述として最も適当なものを選べ。","[""マグマの熱によって、周囲の岩石が再結晶してできた変成岩を広域変成岩という。"",""接触変成作用によって泥岩から形成された、硬く緻密な変成岩をホルンフェルスという。"",""プレートの沈み込み帯などで、広範囲にわたって高い圧力や熱を受けてできた変成岩を接触変成岩という。"",""大理石（結晶質石灰岩）は、チャートが接触変成作用を受けて形成されたものである。""]","1","マグマの貫入による熱で形成されるのは接触変成岩であり、泥岩からはホルンフェルスが、石灰岩からは結晶質石灰岩（大理石）ができる。プレート境界などで広範囲に圧力と熱を受けて形成されるのは広域変成岩である。","[""変成岩"",""接触変成作用"",""広域変成作用"",""ホルンフェルス""]","seed","kept"
"earth_base","earth_base_02","変動する地球","csat","海洋底の岩石に記録された古地磁気からわかることとして、最も適当なものを選べ。","[""地球の磁場は過去から現在まで一度も逆転したことがない。"",""海嶺を挟んで古地磁気の縞模様が非対称に分布していることから、プレートが海嶺から片側にだけ移動していることがわかる。"",""海嶺を挟んで古地磁気の正常と逆転の縞模様が対称に分布しており、これは海洋底拡大説の証拠となった。"",""古地磁気は、砂岩や泥岩などの砕屑岩のみに記録される。""]","2","地球の磁場は過去に何度も逆転を繰り返している。マグマが冷え固まって玄武岩になる際、その当時の地磁気の向きが記録される。海嶺の両側で古地磁気の縞模様が対称に分布していることは、海嶺で新しい海洋底が生成され、両側に広がっているという海洋底拡大説の強力な証拠となった。","[""古地磁気"",""地磁気の逆転"",""海洋底拡大説"",""海嶺""]","seed","kept"
"earth_base","earth_base_02","変動する地球","csat","沈み込み帯におけるマグマの発生メカニズムに関する記述として最も適当なものを選べ。","[""沈み込む海洋プレートが地下深部で完全に溶融することでマグマが発生する。"",""海洋プレートから絞り出された水がマントルに加わることで、マントルの融点が下がり、部分溶融してマグマが発生する。"",""大陸プレート同士が衝突する熱によって、地殻の表面付近が溶融してマグマが発生する。"",""マントル内の放射性同位体の崩壊熱が一点に集中することで、周囲の岩石が爆発的に溶けてマグマが発生する。""]","1","海溝などの沈み込み帯では、沈み込む海洋プレートに含まれる水が地下深部で絞り出され、上のマントルに加わる。水が加わることでマントルの岩石の融点が下がり、一部が溶ける（部分溶融）ことによってマグマが発生する。","[""マグマの発生"",""沈み込み帯"",""部分溶融"",""水""]","seed","kept"
"earth_base","earth_base_02","変動する地球","csat","古生代の出来事として最も適当なものを選べ。","[""恐竜類が繁栄し、鳥類が出現した。"",""アンモナイトが海洋で繁栄し、白亜紀の末に絶滅した。"",""被子植物が出現し、急速に分布を広げた。"",""魚類から両生類が進化した。""]","3","古生代には、無脊椎動物の繁栄や、魚類の出現、そして魚類から両生類への進化が起こった。また、シダ植物が陸上で大森林を形成した。恐竜類の繁栄、鳥類や被子植物の出現、アンモナイトの繁栄は中生代の出来事である。","[""地質時代"",""古生代"",""両生類"",""中生代""]","seed","kept"
"earth_base","earth_base_02","変動する地球","csat","内陸地殻内地震を引き起こす活断層に関する記述として最も適当なものを選べ。","[""活断層は一度地震を起こすと、その後は全く動かなくなる。"",""活断層の長さが長いほど、発生する地震のマグニチュードは小さくなる。"",""過去数十万年の間に繰り返し活動しており、将来も活動する可能性のある断層を活断層という。"",""日本には活断層はほとんど存在せず、内陸地殻内地震の発生リスクは低い。""]","2","活断層は、数十万年前から現在までに繰り返し活動した証拠があり、将来も活動すると考えられる断層である。断層の長さが長いほど発生する地震のマグニチュードは大きくなる。日本列島には多くの活断層が存在し、内陸地殻内地震のリスクが高い。","[""活断層"",""内陸地殻内地震"",""マグニチュード"",""繰り返し活動""]","seed","kept"
"earth_base","earth_base_02","変動する地球","csat","地球内部の層構造は、地震波の伝わり方の違いから推定されている。マントルと外核の境界にあり、P波の速度が急減しS波が伝わらなくなる不連続面の名称として最も適当なものを、次のうちから一つ選べ。","[""モホロビチッチ不連続面"",""グーテンベルク不連続面"",""レーマン不連続面"",""コンラッド不連続面""]","1","マントル（固体）と外核（液体）の境界は深さ 約2900km にあり、グーテンベルク不連続面とよばれます。ここではP波の速度が急減し、液体中を伝わらないS波は伝播しなくなります。モホロビチッチ不連続面は地殻とマントルの境界、レーマン不連続面は外核と内核の境界です。","[""地球内部の層構造"",""グーテンベルク不連続面"",""地震波""]","seed","kept"
"earth_base","earth_base_02","変動する地球","csat","地球の内部を構成する物質について述べた文として最も適当なものを、次のうちから一つ選べ。","[""大陸地殻は主に玄武岩質の岩石からなる。"",""海洋地殻は主に花崗岩質の岩石からなる。"",""マントルは主にかんらん岩などの岩石からなる。"",""外核と内核はともに固体の鉄やニッケルからなる。""]","2","大陸地殻は主に花崗岩質、海洋地殻は主に玄武岩質の岩石からなります。マントルは主にかんらん岩などの岩石（固体）で構成されています。外核は液体の鉄やニッケル、内核は固体の鉄やニッケルからなります。","[""地殻"",""マントル"",""かんらん岩""]","seed","kept"
"earth_base","earth_base_02","変動する地球","csat","大陸地殻と海洋地殻の特徴を比較した文として最も適当なものを、次のうちから一つ選べ。","[""海洋地殻のほうが大陸地殻よりも厚く、密度が大きい。"",""海洋地殻のほうが大陸地殻よりも薄く、密度が大きい。"",""海洋地殻のほうが大陸地殻よりも厚く、密度が小さい。"",""海洋地殻のほうが大陸地殻よりも薄く、密度が小さい。""]","1","大陸地殻は厚さ 約30km から 50km で主に密度が比較的小さい花崗岩質の岩石からなります。一方、海洋地殻は厚さ 約5km から 10km で大陸地殻より薄く、密度が比較的大きい玄武岩質の岩石からなります。","[""大陸地殻"",""海洋地殻"",""地殻の厚さと密度""]","seed","kept"
"earth_base","earth_base_02","変動する地球","csat","海嶺などの発散境界における地学現象として最も適当なものを、次のうちから一つ選べ。","[""プレートが沈み込むため、深い海溝が形成される。"",""深発地震が頻繁に発生し、巨大な山脈が形成される。"",""マントル物質が上昇してマグマとなり、新しいプレートが生成される。"",""プレート同士がすれ違い、トランスフォーム断層が形成される。""]","2","発散境界である海嶺では、マントルから高温の物質が上昇して玄武岩質のマグマが発生し、冷え固まって新しい海洋プレートが生成されます。海溝は収束境界、トランスフォーム断層はすれ違う境界の地形です。","[""発散境界"",""海嶺"",""プレートテクトニクス""]","seed","kept"
"earth_base","earth_base_02","変動する地球","csat","海溝などの収束境界（沈み込み帯）における震源の分布の特徴として最も適当なものを、次のうちから一つ選べ。","[""震源は海溝軸の真下にのみ集中している。"",""震源は海溝から大陸側に向かって次第に深くなるように分布している。"",""震源は海溝から海洋側に向かって次第に深くなるように分布している。"",""海溝周辺では浅い地震のみが発生し、深発地震は全く発生しない。""]","1","収束境界では、海洋プレートが大陸プレートなどの下へ沈み込んでいます。そのため、地震の震源は海溝付近では浅く、大陸側に向かって沈み込むプレートに沿うように次第に深く分布します（深発地震面または和達・ベニオフ帯）。","[""収束境界"",""海溝"",""深発地震面""]","seed","kept"
"earth_base","earth_base_02","変動する地球","csat","プレート同士がすれ違う境界に形成される巨大な断層の名称と、その代表例の組み合わせとして最も適当なものを、次のうちから一つ選べ。","[""トランスフォーム断層 - サンアンドレアス断層"",""トランスフォーム断層 - ヒマラヤ山脈"",""逆断層 - サンアンドレアス断層"",""逆断層 - ヒマラヤ山脈""]","0","プレート同士がすれ違う境界にはトランスフォーム断層が形成され、浅い地震が発生します。アメリカ合衆国西海岸にあるサンアンドレアス断層は、太平洋プレートと北米プレートの境界にある代表的なトランスフォーム断層です。","[""すれ違う境界"",""トランスフォーム断層"",""サンアンドレアス断層""]","seed","kept"
"earth_base","earth_base_02","変動する地球","csat","ハワイ諸島などのホットスポットに関する記述として最も適当なものを、次のうちから一つ選べ。","[""プレートの収束境界に位置し、激しい火山活動が起きている。"",""プレート運動に関わらず、マントル深部のほぼ固定された位置からマグマが供給される。"",""火山島の年齢は、ホットスポットから離れるほど若くなる。"",""ホットスポットの火山は、主に流紋岩質のマグマを噴出する。""]","1","ホットスポットはプレート境界とは無関係に、マントル深部のほぼ固定された熱源からマグマが供給されて火山活動が起きる場所です。プレートの移動に伴い、火山島はホットスポットから離れるほど古くなります。","[""ホットスポット"",""マントルプルーム"",""ハワイ諸島""]","seed","kept"
"earth_base","earth_base_02","変動する地球","csat","地震の規模を表すマグニチュード M と、地震が放出するエネルギーの関係について述べた文として最も適当なものを、次のうちから一つ選べ。","[""マグニチュードが 1 大きくなると、エネルギーは 約10倍 になる。"",""マグニチュードが 1 大きくなると、エネルギーは 約32倍 になる。"",""マグニチュードが 2 大きくなると、エネルギーは 約100倍 になる。"",""マグニチュードが 2 大きくなると、エネルギーは 約32倍 になる。""]","1","マグニチュード M は地震そのものの規模（エネルギー）を表す指標です。M の値が 1 大きくなるとエネルギーは 約32倍 になり、2 大きくなると 32 × 32 で 約1000倍 になります。","[""マグニチュード"",""地震のエネルギー"",""震度""]","seed","kept"
"earth_base","earth_base_02","変動する地球","csat","ある地震において、観測点 A では初期微動継続時間が 10秒 であった。P波の速度を 6km/s、S波の速度を 4km/s としたとき、観測点 A から震源までの距離として最も適当なものを、次のうちから一つ選べ。ただし、地震波の速度は一定とする。","[""40km"",""60km"",""120km"",""240km""]","2","大森公式より、震源距離 d[km] は初期微動継続時間 t[秒] に比例し、d = k × t と表されます。大森係数 k[km/s] は k = 6 × 4 / (6 - 4) = 12km/s と計算できます。よって、震源距離は 12 × 10 = 120km となります。","[""初期微動継続時間"",""大森公式"",""震源距離""]","seed","kept"
"earth_base","earth_base_02","変動する地球","csat","火山の形や噴火の様式は、マグマの性質によって異なる。マグマの二酸化ケイ素 SiO₂ の割合が低く、温度が高い場合の火山の特徴として最も適当なものを、次のうちから一つ選べ。","[""粘性が大きく、溶岩ドームを形成しやすい。"",""粘性が小さく、傾斜のゆるやかな盾状火山を形成しやすい。"",""粘性が大きく、爆発的な噴火を起こしやすい。"",""粘性が小さく、急峻な成層火山を形成しやすい。""]","1","マグマに含まれる二酸化ケイ素 SiO₂ の割合が低い（約50%程度）と、マグマの粘性は小さく（サラサラになり）、温度は高くなります。このようなマグマは穏やかに流れ出し、ハワイのマウナロア火山のような傾斜のゆるやかな盾状火山を形成しやすくなります。","[""マグマの粘性"",""二酸化ケイ素"",""盾状火山""]","seed","kept"
"earth_base","earth_base_02","変動する地球","csat","マグマが地下深くでゆっくりと冷え固まってできた火成岩（深成岩）の組織の名称として最も適当なものを、次のうちから一つ選べ。","[""斑状組織"",""等粒状組織"",""ガラス質組織"",""砕屑組織""]","1","マグマが地下深部でゆっくり冷却されると、構成する鉱物がすべて大きく成長するため、粗粒で粒の大きさがほぼそろった等粒状組織になります。一方、地表付近で急に冷え固まった火山岩は、大きな斑晶と細かい石基からなる斑状組織を示します。","[""深成岩"",""等粒状組織"",""火成岩の組織""]","seed","kept"
"earth_base","earth_base_02","変動する地球","csat","火成岩は、含まれる二酸化ケイ素 SiO₂ の量（色指数）と生成した深さによって分類される。SiO₂の割合が最も多く、白っぽい深成岩の名称として最も適当なものを、次のうちから一つ選べ。","[""玄武岩"",""斑れい岩"",""流紋岩"",""花崗岩""]","3","火成岩のうち、SiO₂の割合が多く無色鉱物を多く含む（色指数が小さい）ものを珪長質岩とよびます。その深成岩が花崗岩、火山岩が流紋岩です。玄武岩はSiO₂が少ない苦鉄質の火山岩、斑れい岩はその深成岩です。","[""火成岩の分類"",""花崗岩"",""色指数""]","seed","kept"
"earth_base","earth_base_02","変動する地球","csat","マグマが冷え固まるときに結晶化する造岩鉱物のうち、鉄やマグネシウムを含み、黒色や暗緑色を示す有色鉱物のみの組み合わせとして最も適当なものを、次のうちから一つ選べ。","[""石英、キ石、カクセン石"",""カンラン石、キ石、黒雲母"",""長石、黒雲母、カクセン石"",""石英、長石、カンラン石""]","1","造岩鉱物のうち、鉄やマグネシウムを含み色がついているものを有色鉱物（カンラン石、キ石、カクセン石、黒雲母など）といいます。鉄やマグネシウムを含まない石英や長石は無色鉱物です。","[""造岩鉱物"",""有色鉱物"",""無色鉱物""]","seed","kept"
"earth_base","earth_base_02","変動する地球","csat","地殻に働く力（応力）と、それによって生じる断層の組み合わせとして最も適当なものを、次のうちから一つ選べ。","[""地殻が水平方向に引っ張られる力によって、逆断層が生じる。"",""地殻が水平方向に圧縮される力によって、正断層が生じる。"",""地殻が水平方向に引っ張られる力によって、正断層が生じる。"",""地殻が上下方向に引っ張られる力によって、横ずれ断層が生じる。""]","2","地層が水平方向に引っ張られる力を受けると、断層面を境にして上盤がずり下がる正断層が生じます。一方、水平方向に圧縮される力を受けると、上盤がのし上がる逆断層が生じます。横ずれ断層は水平方向にすれ違う力で生じます。","[""断層"",""正断層"",""逆断層""]","seed","kept"
"earth_base","earth_base_02","変動する地球","csat","既存の岩石がマグマの貫入により、周囲の熱の影響を受けて再結晶化する変成作用を何というか。最も適当なものを、次のうちから一つ選べ。","[""広域変成作用"",""接触変成作用"",""動力変成作用"",""続成作用""]","1","マグマの貫入によって岩石が高温にさらされ、特定の鉱物が再結晶化する作用を接触変成作用といいます。これにより泥岩などはホルンフェルスに、石灰岩は大理石（結晶質石灰岩）になります。広範囲に熱と圧力を受ける場合は広域変成作用とよびます。","[""変成作用"",""接触変成作用"",""ホルンフェルス""]","seed","kept"
"earth_base","earth_base_02","変動する地球","csat","地層が両側から圧縮される力を受けて波状に曲がった構造を「しゅう曲」という。しゅう曲において、地層が上に凸に曲がった部分の名称として最も適当なものを、次のうちから一つ選べ。","[""背斜"",""向斜"",""不整合"",""走向""]","0","しゅう曲において、地層が山のように上に凸に曲がった部分を背斜といい、谷のように下に凹に曲がった部分を向斜といいます。これらはプレートの収束境界など、圧縮の力が働く場所でよく見られます。","[""しゅう曲"",""背斜"",""向斜""]","seed","kept"
"earth_base","earth_base_02","変動する地球","csat","日本列島周辺のプレートの配置について述べた文として最も適当なものを、次のうちから一つ選べ。","[""太平洋プレートは、日本海溝で北米プレートの下に沈み込んでいる。"",""フィリピン海プレートは、南海トラフで太平洋プレートの下に沈み込んでいる。"",""太平洋プレートは、伊豆・小笠原海溝でユーラシアプレートの下に沈み込んでいる。"",""フィリピン海プレートは、相模トラフで北米プレートの上に乗り上げている。""]","0","日本列島の周辺には4つのプレートがあります。太平洋プレートは日本海溝や千島海溝で北米プレートの下に沈み込んでいます。フィリピン海プレートは南海トラフなどでユーラシアプレートの下に沈み込んでいます。","[""日本列島周辺のプレート"",""太平洋プレート"",""日本海溝""]","seed","kept"
"earth_base","earth_base_02","変動する地球","csat","地震に伴って発生する津波に関する記述として最も適当なものを、次のうちから一つ選べ。","[""津波の伝わる速さは、水深が浅いところほど速い。"",""津波の波高は、水深が浅いところほど高くなる。"",""内陸の浅い活断層による地震では、津波が必ず発生する。"",""津波は海の表面の海水だけが波立つ現象である。""]","1","津波は海底の地殻変動によって海水全体が持ち上げられて発生する波です。水深が深いほど速く伝わり、海岸に近づいて水深が浅くなると速度が落ちる代わりに波高（波の高さ）が急激に高くなります。","[""津波"",""水深と速度"",""波高""]","seed","kept"
"earth_base","earth_base_02","変動する地球","csat","地球内部でマグマが発生する主な要因として誤っているものを、次のうちから一つ選べ。","[""マントル物質が上昇し、圧力が低下すること。"",""沈み込むプレートから水が供給され、マントルの融点が下がること。"",""地球の中心部から外核の液体がマントルに直接上昇してくること。"",""周囲からの加熱により、岩石の温度が上昇すること。""]","2","マグマは主に上部マントルや地殻の下部にある岩石が部分溶融して発生します。その主な原因は、圧力の低下、水 H₂O の供給による融点の降下、温度の上昇です。外核の液体の鉄がマントルに上昇してマグマになることはありません。","[""マグマの発生"",""部分溶融"",""融点降下""]","seed","kept"
"earth_base","earth_base_02","変動する地球","csat","火山の噴火によって放出される固体の物質（火山砕屑物）に関する記述として最も適当なものを、次のうちから一つ選べ。","[""火山灰は、粒径が 2mm以上 の火山砕屑物である。"",""軽石は、多孔質で密度が小さく、玄武岩質マグマの噴火で形成されやすい。"",""火山弾は、マグマが空中で回転しながら冷え固まって特定の形になったものである。"",""火砕流は、火山砕屑物が水と混ざって斜面を高速で流れ下る現象である。""]","2","火山砕屑物のうち、飛行中にマグマが冷え固まり特定の形状（紡錘状など）をもつものを火山弾といいます。火山灰は粒径が 2mm未満、軽石は流紋岩質や安山岩質のマグマから形成されやすく、火砕流は高温の火山ガスと砕屑物が混ざって斜面を流れ下る現象です。","[""火山砕屑物"",""火山弾"",""火山灰""]","seed","kept"
"earth_base","earth_base_02","変動する地球","csat","地震の発生場所を示す用語に関する記述として最も適当なものを、次のうちから一つ選べ。","[""地下の岩石が破壊され、地震が発生した最初の地点を震央という。"",""震源の真上にある地表の地点を震央という。"",""震度とは、地震そのもののエネルギーの大きさを表す指標である。"",""マグニチュードとは、各観測点での揺れの強さを表す指標である。""]","1","地震が発生した地下の最初の破壊開始点を震源といい、その真上の地表の地点を震央とよびます。地震そのもののエネルギーの大きさを表すのがマグニチュードで、各観測点における揺れの強さを表すのが震度です。","[""震源"",""震央"",""震度とマグニチュード""]","seed","kept"
"earth_base","earth_base_02","変動する地球","csat","地表の岩石が風化・侵食され、運搬・堆積してできる砕屑岩は、粒子（砕屑物）の大きさによって分類される。粒子の大きさが細かい順に並んだ組み合わせとして最も適当なものを、次のうちから一つ選べ。","[""泥岩 - 砂岩 - れき岩"",""泥岩 - れき岩 - 砂岩"",""砂岩 - 泥岩 - れき岩"",""れき岩 - 砂岩 - 泥岩""]","0","砕屑岩は構成する粒子の直径によって分類され、細かい順に泥岩（粒径 1/16mm未満）、砂岩（1/16mmから2mmまで）、れき岩（2mm以上）とよばれます。","[""堆積岩"",""砕屑岩"",""泥岩・砂岩・れき岩""]","seed","kept"
"earth_base","earth_base_02","変動する地球","csat","安山岩に含まれる主な造岩鉱物の組み合わせとして最も適当なものを、次のうちから一つ選べ。","[""カンラン石、キ石、カルシウムに富む斜長石"",""キ石、カクセン石、ナトリウムとカルシウムを含む斜長石"",""黒雲母、石英、カリ長石"",""カンラン石のみ""]","1","安山岩は中性の火山岩であり、主な無色鉱物としてナトリウムやカルシウムを含む斜長石、有色鉱物としてキ石やカクセン石などを多く含みます。玄武岩にはカンラン石が多く、流紋岩や花崗岩には石英やカリ長石が多く含まれます。","[""安山岩"",""造岩鉱物"",""火成岩の分類""]","seed","kept"
"earth_base","earth_base_02","変動する地球","csat","地層の重なり方において、下位の地層が侵食された後、その上に新しい地層が堆積した場合の境界を何というか。最も適当なものを、次のうちから一つ選べ。","[""整合"",""断層"",""不整合"",""しゅう曲""]","2","下位の地層がいったん地表に現れて侵食を受けたのち、再び沈降してその上に新しい地層が堆積したときの上下の地層の関係を不整合といい、その境界の面を不整合面といいます。連続して堆積した場合は整合とよびます。","[""不整合"",""整合"",""地層の重なり""]","seed","kept"
"earth_base","earth_base_02","変動する地球","csat","地震に伴って発生する液状化現象に関する記述として最も適当なものを、次のうちから一つ選べ。","[""地下水位が低く、固く締まった岩盤の地域で発生しやすい。"",""地震の揺れによって砂の粒子が結びつき、地盤が硬くなる現象である。"",""地下水位が高く、緩い砂地盤の地域で地震の強い揺れを受けると発生しやすい。"",""液状化現象が起きると、地中の軽い構造物が沈み込み、重いマンホールなどが浮き上がる。""]","2","液状化現象は、地下水位が高く水分を多く含んだ緩い砂地盤が、地震の強い揺れによって砂粒子間の結びつきを失い、泥水のように振る舞う現象です。これにより、重い建物が沈み込み、地中の軽いマンホールや水道管などが浮き上がることがあります。","[""液状化現象"",""地盤災害"",""砂地盤""]","seed","kept"
"earth_base","earth_base_02","変動する地球","csat","エラトステネスは、夏至の日の正午における2地点の太陽高度の違いから地球の円周を求めた。シエネでは太陽が天頂から照らし、アレキサンドリアでは天頂から「7.2度」ずれていた。2都市間の距離を 約800km としたとき、地球の全周の長さとして最も適当なものを選べ。","[""約10000km"",""約20000km"",""約40000km"",""約80000km""]","2","アレキサンドリアとシエネの緯度の差が 7.2度 である。地球の全周を 360度 とすると、7.2度 は 360度 の 1/50 にあたる。したがって、地球の全周は 800 × 50 = 40000[km] と計算できる。","[""エラトステネス"",""地球の大きさ"",""太陽高度""]","seed","kept"
"earth_base","earth_base_02","変動する地球","csat","地球の形状は完全な球ではなく、自転の遠心力によって赤道半径が極半径よりもわずかに長い回転楕円体に近い。地球の赤道半径を a、極半径を b としたとき、地球のつぶれの度合いを表す「偏平率」を求める式として正しいものを選べ。","[""(a - b) / a"",""(a - b) / b"",""(a + b) / 2a"",""a / (a - b)""]","0","偏平率は赤道半径と極半径の差が、赤道半径に対してどの程度の割合になるかを示す。式としては (a - b) / a で表され、地球の偏平率は 約1/298 である。","[""地球楕円体"",""偏平率"",""遠心力""]","seed","kept"
"earth_base","earth_base_02","変動する地球","csat","地球の内部は、地震波の伝わり方などから地殻、マントル、外核、内核に分けられる。これらの層を構成する主な物質の組み合わせとして、最も適当なものを選べ。","[""地殻は玄武岩質・花崗岩質岩石、マントルはカンラン岩質岩石、核は鉄などの金属"",""地殻はカンラン岩質岩石、マントルは玄武岩質・花崗岩質岩石、核は鉄などの金属"",""地殻は玄武岩質・花崗岩質岩石、マントルは鉄などの金属、核はカンラン岩質岩石"",""地殻は鉄などの金属、マントルは玄武岩質・花崗岩質岩石、核はカンラン岩質岩石""]","0","地球の表面を覆う地殻は花崗岩や玄武岩などの岩石で構成されている。その下にあるマントルはより密度の大きいカンラン岩などの岩石で構成され、地球の中心部にある核は主に鉄やニッケルなどの金属でできている。","[""地殻"",""マントル"",""核"",""内部構造""]","seed","kept"
"earth_base","earth_base_02","変動する地球","csat","地殻とマントルの境界をモホロビチッチ不連続面（モホ面）という。この境界に関する記述として最も適当なものを選べ。","[""地震波のP波の速度は、モホ面を境に地下深くなるほど遅くなる。"",""大陸地域よりも海洋地域の方が、モホ面は地表に近い浅い位置にある。"",""モホ面はリソスフェアとアセノスフェアの境界に完全に一致する。"",""モホ面より下部のマントルは液体状のマグマで満たされている。""]","1","大陸地殻の厚さは 約30km〜50km であるのに対し、海洋地殻の厚さは 約5km〜10km と薄いため、海洋地域の方がモホ面は浅い位置にある。また、モホ面を越えてマントルに入ると、地震波の速度は急激に速くなる。マントルは大部分が固体である。","[""モホロビチッチ不連続面"",""地殻"",""マントル""]","seed","kept"
"earth_base","earth_base_02","変動する地球","csat","プレートテクトニクスにおいて、地球の表層は十数枚の硬い岩石の板（プレート）に覆われているとされる。この「プレート」に相当する部分の名称とその性質の組み合わせとして、最も適当なものを選べ。","[""アセノスフェアであり、部分的に溶融して流動しやすい性質を持つ。"",""アセノスフェアであり、地殻と上部マントルの一部を含む硬い層である。"",""リソスフェアであり、部分的に溶融して流動しやすい性質を持つ。"",""リソスフェアであり、地殻と上部マントルの一部を含む硬い層である。""]","3","プレートは、地殻とマントルの最上部を合わせた硬い岩石の層であり、これを「リソスフェア（岩石圏）」と呼ぶ。その下には、高温で流動しやすい「アセノスフェア（岩流圏）」が存在し、プレートはこの上を移動する。","[""プレート"",""リソスフェア"",""アセノスフェア"",""プレートテクトニクス""]","seed","kept"
"earth_base","earth_base_02","変動する地球","csat","プレートの境界には、発散境界、収束境界、すれ違う境界がある。発散境界に見られる地形の特徴として最も適当なものを選べ。","[""大陸プレートと海洋プレートが衝突し、深い海溝が形成される。"",""プレート同士がすれ違い、トランスフォーム断層が形成される。"",""マントルからマグマが上昇して新しいプレートが作られ、海嶺や地溝が形成される。"",""古い海洋プレートがマントル内に沈み込み、大規模な山脈が形成される。""]","2","発散境界は、地下からアセノスフェアの物質が上昇し、新しいプレートが生成されて両側に広がっていく境界である。海底では「海嶺」と呼ばれる大山脈が、陸上では「地溝」と呼ばれる割れ目が形成される。","[""発散境界"",""海嶺"",""地溝"",""プレートテクトニクス""]","seed","kept"
"earth_base","earth_base_02","変動する地球","csat","海洋プレートが大陸プレートの下に沈み込む収束境界に見られる地形や地質現象の記述として、誤っているものを選べ。","[""海底には細長く深い溝である海溝が形成される。"",""沈み込んだプレートに沿って震源が深く分布する深発地震面が見られる。"",""プレートの沈み込み帯に平行して、島弧や火山帯が形成される。"",""新しい海洋地殻が連続して生成され、プレートが左右に拡大していく。""]","3","新しい海洋地殻が生成されプレートが拡大するのは海嶺（発散境界）の特徴である。収束境界では、古いプレートがマントルに沈み込み、海溝や島弧が形成され、深発地震が発生する。","[""収束境界"",""海溝"",""深発地震"",""島弧""]","seed","kept"
"earth_base","earth_base_02","変動する地球","csat","すれ違う境界の代表例として、北アメリカ大陸西海岸を走る大規模な断層が知られている。この断層の名称として最も適当なものを選べ。","[""糸魚川静岡構造線"",""サンアンドレアス断層"",""中央構造線"",""東アフリカ大地溝帯""]","1","アメリカのカリフォルニア州などを走るサンアンドレアス断層は、太平洋プレートと北アメリカプレートがすれ違う境界に形成された長大なトランスフォーム断層である。","[""すれ違う境界"",""トランスフォーム断層"",""サンアンドレアス断層""]","seed","kept"
"earth_base","earth_base_02","変動する地球","csat","ハワイ諸島は、プレートの内部にあるマグマの供給源（ホットスポット）から火山島が形成され、プレートの移動に伴って島が列をなしている。ハワイ諸島などの火山の配列から推測できることとして最も適当なものを選べ。","[""過去から現在にかけてのプレートの移動方向と移動速度"",""過去の地磁気の逆転周期"",""地球の自転速度の長期的な変化"",""氷期と間氷期の繰り返しによる海水準の変動""]","0","ホットスポットの位置はマントル深部に対してほぼ固定されているため、その上を移動するプレートには、火山の痕跡が線状に残る。火山島の形成年代と位置を調べることで、過去から現在にかけてのプレートの移動方向と移動速度を知ることができる。","[""ホットスポット"",""ハワイ諸島"",""プレートの運動""]","seed","kept"
"earth_base","earth_base_02","変動する地球","csat","マグマの性質（二酸化ケイ素 SiO₂ の含有量）と火山の形、噴火の様式には密接な関係がある。二酸化ケイ素 SiO₂ の含有量が多いマグマの特徴として最も適当なものを選べ。","[""温度が高く粘性が小さいため、傾斜のゆるやかな盾状火山を形成しやすい。"",""温度が高く粘性が大きいため、傾斜のゆるやかな盾状火山を形成しやすい。"",""温度が低く粘性が小さいため、激しい爆発的噴火を起こし溶岩ドームを形成しやすい。"",""温度が低く粘性が大きいため、激しい爆発的噴火を起こし溶岩ドームを形成しやすい。""]","3","マグマは二酸化ケイ素 SiO₂ の含有量が多いほど粘性が大きく、温度が低い傾向がある。粘性が大きいため火山ガスが抜けにくく、爆発的な噴火を起こしやすい。また、流動性が低いため盛り上がった鐘状火山（溶岩ドーム）などを形成する。","[""マグマ"",""二酸化ケイ素"",""粘性"",""溶岩ドーム""]","seed","kept"
"earth_base","earth_base_02","変動する地球","csat","火山が噴火する際に放出される物質（火山噴出物）についての記述として、最も適当なものを選べ。","[""軽石は、粘性が小さい玄武岩質マグマが空中で固まってできた黒っぽく多孔質の岩石である。"",""スコリアは、粘性が大きい流紋岩質マグマが空中で固まってできた白っぽく多孔質の岩石である。"",""火山ガスの主成分は二酸化炭素であり、次に水蒸気が多く含まれる。"",""火山灰は、マグマが粉砕されてできた 直径2mm未満 の細かい粒子である。""]","3","軽石は白っぽく粘性が大きいマグマから、スコリアは黒っぽく粘性が小さいマグマからできる。火山ガスの主成分は水蒸気であり、次いで二酸化炭素や二酸化硫黄が含まれる。火山灰は 直径2mm未満 の細かい火山砕屑物である。","[""火山噴出物"",""火山灰"",""軽石"",""スコリア""]","seed","kept"
"earth_base","earth_base_02","変動する地球","csat","マグマが冷え固まってできる火成岩は、冷却される速さによって結晶の大きさが異なり、深成岩と火山岩に分けられる。火成岩の組織に関する記述として最も適当なものを選べ。","[""深成岩はマグマが地下深くでゆっくり冷え固まったため、粗粒な結晶が組み合わさった等粒状組織を示す。"",""深成岩はマグマが地表付近で急激に冷え固まったため、ガラス質の中に大きな結晶が散在する斑状組織を示す。"",""火山岩はマグマが地下深くでゆっくり冷え固まったため、粗粒な結晶が組み合わさった等粒状組織を示す。"",""火山岩はマグマが地表付近で急激に冷え固まったため、粗粒な結晶が組み合わさった等粒状組織を示す。""]","0","マグマが地下深くでゆっくり冷え固まると、鉱物が十分に成長するため結晶が大きく揃った「等粒状組織」となり、これを深成岩と呼ぶ。一方、地表付近で急激に冷え固まると、微小な結晶やガラス質（石基）の中に比較的大きな結晶（斑晶）が散在する「斑状組織」となり、これを火山岩と呼ぶ。","[""火成岩"",""深成岩"",""火山岩"",""等粒状組織""]","seed","kept"
"earth_base","earth_base_02","変動する地球","csat","火成岩に含まれる有色鉱物の割合を色指数という。色指数が最も小さく（白っぽく）、深成岩に分類される岩石の名称として正しいものを選べ。","[""玄武岩"",""斑れい岩"",""流紋岩"",""花崗岩""]","3","火成岩は二酸化ケイ素の含有量（色指数）と冷却環境によって分類される。白っぽく無色鉱物が多い深成岩は花崗岩である。白っぽい火山岩は流紋岩、黒っぽく有色鉱物が多い深成岩は斑れい岩、黒っぽい火山岩は玄武岩である。","[""火成岩"",""深成岩"",""花崗岩"",""色指数""]","seed","kept"
"earth_base","earth_base_02","変動する地球","csat","火成岩を構成する造岩鉱物は、鉄やマグネシウムを含む有色鉱物と、含まない無色鉱物に分けられる。次のうち、無色鉱物のみの組み合わせとして正しいものを選べ。","[""石英、カンラン石"",""斜長石、輝石"",""石英、カリ長石"",""黒雲母、角閃石""]","2","石英と長石（斜長石やカリ長石）は鉄やマグネシウムを含まないため無色や白色であり、無色鉱物と呼ばれる。カンラン石、輝石、角閃石、黒雲母は鉄やマグネシウムを含むため色がついており、有色鉱物と呼ばれる。","[""造岩鉱物"",""無色鉱物"",""有色鉱物"",""石英""]","seed","kept"
"earth_base","earth_base_02","変動する地球","csat","地震が発生すると、震源からP波とS波が発生する。これら2つの地震波の性質に関する記述として最も適当なものを選べ。","[""P波は縦波であり、S波よりも伝わる速さが遅い。"",""P波は横波であり、固体の中しか伝わることができない。"",""S波は縦波であり、固体、液体、気体のいずれの中も伝わる。"",""S波は横波であり、液体の中を伝わることができない。""]","3","P波は進行方向と同じ方向に振動する縦波で、速さが速く、固体・液体・気体を伝わる。S波は進行方向と垂直に振動する横波で、速さが遅く、液体や気体の中は伝わらない。地球の外核が液体であるため、S波は外核を通過できない。","[""地震波"",""P波"",""S波"",""縦波"",""横波""]","seed","kept"
"earth_base","earth_base_02","変動する地球","csat","地震計の記録において、P波の到着からS波の到着までの時間を初期微動継続時間という。初期微動継続時間に関する記述として最も適当なものを選べ。","[""震源からの距離に反比例して短くなる。"",""震源からの距離に比例して長くなる。"",""地震の規模（マグニチュード）が大きいほど長くなる。"",""観測地点の地盤が軟らかいほど長くなる。""]","1","初期微動継続時間 t[s] は震源からの距離 d[km] に比例するという関係があり、これを大森公式 d = k × t という。P波とS波の速さの差によって生じるため、震源から遠いほどこの時間は長くなる。","[""初期微動継続時間"",""大森公式"",""震源距離""]","seed","kept"
"earth_base","earth_base_02","変動する地球","csat","地震の規模や揺れの大きさを表す指標に関する記述として、最も適当なものを選べ。","[""震度は地震そのもののエネルギーの大きさを表し、1回の地震につき1つの値が定まる。"",""マグニチュードは観測地点での揺れの強さを表し、日本独自の10階級で設定されている。"",""マグニチュードの値が 1 大きくなると、地震のエネルギーは 約32倍 になる。"",""マグニチュードの値が 2 大きくなると、地震のエネルギーは 約64倍 になる。""]","2","マグニチュード M は地震そのものの規模（放出されるエネルギー）を表し、M が 1 大きくなるとエネルギーは 約32倍 になり、2 大きくなると 1000倍 になる。震度は観測地点における揺れの強さを表し、日本では 0から7 までの 10階級 で表される。","[""マグニチュード"",""震度"",""地震のエネルギー""]","seed","kept"
"earth_base","earth_base_02","変動する地球","csat","日本周辺で発生する海溝型地震（プレート境界地震）の発生メカニズムについて、正しい記述を選べ。","[""陸のプレートが海のプレートの下に沈み込み、限界に達して跳ね上がることで発生する。"",""海のプレートが陸のプレートの下に沈み込む際に、引きずり込まれた陸のプレートが限界に達して跳ね上がることで発生する。"",""マントルからのマグマの上昇により、プレートが押し広げられる際の張力によって発生する。"",""陸のプレート内部の活断層が、横ずれを起こすことによって発生する。""]","1","日本海溝や南海トラフなどの沈み込み帯では、海洋プレートが大陸プレートの下に沈み込む。その摩擦によって大陸プレートの端が引きずり込まれ、ひずみが限界に達すると大陸プレートが反発して跳ね上がり、巨大な海溝型地震が発生する。","[""海溝型地震"",""プレート境界地震"",""沈み込み帯"",""巨大地震""]","seed","kept"
"earth_base","earth_base_02","変動する地球","csat","陸のプレート内部で発生する内陸地殻内地震（直下型地震）に関する記述として最も適当なものを選べ。","[""震源が 約100km より深い場所で発生することが多い。"",""海溝型地震に比べて津波を引き起こす危険性が常に高い。"",""過去に繰り返し活動し、将来も活動する可能性のある活断層が動くことで発生する。"",""マグニチュードが 8 を超える巨大地震になることがほとんどである。""]","2","内陸地殻内地震は、陸のプレート内部の浅い場所（深さ約20km以浅）にある活断層が活動することで発生する。海溝型地震に比べてマグニチュードは小さめだが、震源が浅く人々の生活圏に近いため、大きな被害をもたらす直下型地震となることが多い。","[""内陸地殻内地震"",""活断層"",""直下型地震""]","seed","kept"
"earth_base","earth_base_02","変動する地球","csat","スカンディナビア半島では、現在でも地面が隆起し続けている。この現象を説明する原理として最も適当なものを選べ。","[""プレートの沈み込みに伴う反発力"",""地殻とマントルの間の物質循環による浮力"",""かつて覆っていた厚い氷床が解けたことによる、アイソスタシー（地殻の均衡）の回復"",""ホットスポットから上昇するマントルプルームの圧力""]","2","地殻はマントルの上に浮かんでおり、重力と浮力が釣り合っている状態をアイソスタシーという。氷期に厚い氷床の重みで沈み込んでいた地殻が、氷床が解けて軽くなったことで、再び釣り合いの位置までゆっくりと隆起している。","[""アイソスタシー"",""地殻の均衡"",""氷床"",""隆起""]","seed","kept"
"earth_base","earth_base_02","変動する地球","csat","地層に力が加わって破壊され、面に沿ってずれ動いた構造を断層という。両側から引っ張られる力（張力）によって生じる断層の名称と特徴の組み合わせとして正しいものを選べ。","[""正断層であり、断層面を境にして上盤が相対的にずり落ちた構造である。"",""正断層であり、断層面を境にして上盤が相対的にのし上がった構造である。"",""逆断層であり、断層面を境にして上盤が相対的にずり落ちた構造である。"",""逆断層であり、断層面を境にして上盤が相対的にのし上がった構造である。""]","0","地層が両側から引っ張られる力（張力）を受けると、断層面の上側（上盤）が下側（下盤）に対してずり落ちるように動く。これを正断層という。逆に、圧縮力を受けて上盤がのし上がるように動いた断層を逆断層という。","[""断層"",""正断層"",""逆断層"",""張力""]","seed","kept"
"earth_base","earth_base_02","変動する地球","csat","地層が左右から強い押し合う力（圧縮力）を受けて、波を打つように曲がった変形構造を何というか。最も適当なものを選べ。","[""断層"",""節理"",""褶曲"",""不整合""]","2","地層が圧縮力を受けて波状に曲がる変形を褶曲という。褶曲のうち、山のように上に凸に曲がった部分を背斜、谷のように下に凸に曲がった部分を向斜という。節理は岩石に生じた規則的な割れ目、不整合は地層の堆積に時間的な空白がある関係を指す。","[""褶曲"",""圧縮力"",""背斜"",""向斜""]","seed","kept"
"earth_base","earth_base_02","変動する地球","csat","岩石がマグマの熱によって直接加熱され、元の岩石の構造や鉱物が変化して生じる変成作用と、その結果できる変成岩の組み合わせとして最も適当なものを選べ。","[""広域変成作用によって、泥岩から結晶片岩ができる。"",""広域変成作用によって、石灰岩から大理石ができる。"",""接触変成作用によって、泥岩からホルンフェルスができる。"",""接触変成作用によって、玄武岩から片麻岩ができる。""]","2","マグマの貫入による熱で周囲の岩石が変化する作用を接触変成作用という。これにより泥岩などは硬いホルンフェルスになり、石灰岩は大理石（結晶質石灰岩）になる。一方、広域にわたる温度と圧力で変化する作用を広域変成作用といい、結晶片岩や片麻岩ができる。","[""変成岩"",""接触変成作用"",""ホルンフェルス"",""広域変成作用""]","seed","kept"
"earth_base","earth_base_02","変動する地球","csat","日本列島の基盤を構成する岩石の多くは、海洋プレートが海溝で沈み込む際に作られた構造に由来する。この構造の名称として最も適当なものを選べ。","[""島弧"",""付加体"",""海盆"",""トランスフォーム断層""]","1","海洋プレートが海溝で大陸プレートの下に沈み込む際、海洋プレート上の堆積物や海山の一部がはぎ取られ、大陸プレートの縁に押し付けられて付け加わった地質構造を付加体という。日本列島の基盤の多くはこの付加体からできている。","[""付加体"",""海溝"",""日本列島"",""プレートテクトニクス""]","seed","kept"
"earth_base","earth_base_02","変動する地球","csat","日本列島は、かつてユーラシア大陸の一部であったが、ある地殻変動によって大陸から分離したと考えられている。この出来事に関する記述として最も適当なものを選べ。","[""約2000万年前〜1500万年前 に日本海が拡大し、日本列島が大陸から切り離された。"",""約6500万年前 の恐竜絶滅と同時期に巨大隕石が衝突し、日本列島が分離した。"",""約1万年前 の最終氷期が終わるとともに海面が上昇し、大陸との間に海ができた。"",""現在も大陸の一部であり、海面下に隠れているだけで陸続きである。""]","0","日本列島はもともとユーラシア大陸の東縁にくっついていたが、新第三紀中新世にかけて、地下からのマグマの上昇により大陸が引き裂かれ、日本海が形成・拡大した。これにより現在の島弧の配置が形成された。","[""日本列島"",""日本海の拡大"",""大陸からの分離""]","seed","kept"